index,sale_price,months_listed,bedrooms,area,sale_year,sale_month,sale_day,house_type_ordinal,city_Poppleton,city_Riverford,city_Silvertown,city_Teasdale,city_Unknown
0,55943,5.4,2,107.8,2021,9,12,1,0,0,1,0,0
1,384677,6.3,5,498.8,2021,1,17,2,0,0,1,0,0
2,281707,6.9,6,542.5,2021,11,10,2,0,1,0,0,0
3,373251,6.1,6,528.4,2020,4,13,2,0,0,1,0,0
4,328885,8.7,5,477.1,2020,9,24,2,0,0,1,0,0
5,47143,5.1,2,123.2,2020,9,25,1,0,1,0,0,0
6,429914,5.9,6,544.6,2021,5,18,2,0,0,0,1,0
7,284440,5.8,4,371.3,2020,10,15,2,0,0,0,1,0
8,87134,4.4,2,125.7,2021,1,7,1,0,0,0,1,0
9,211203,3.0,4,371.5,2020,5,4,2,1,0,0,0,0
10,382655,4.6,5,428.8,2021,10,26,2,0,0,0,1,0
11,54934,3.7,2,147.7,2020,6,11,1,0,1,0,0,0
12,297101,5.8,4,395.6,2022,10,10,2,0,0,1,0,0
13,171502,6.2,4,304.4,2021,8,4,2,1,0,0,0,0
14,158198,5.3,4,316.8,2020,8,18,2,0,1,0,0,0
15,428808,3.5,6,554.3,2021,7,18,2,0,0,0,1,0
16,269688,5.0,4,374.9,2020,11,23,2,0,0,0,1,0
17,208965,4.6,3,294.3,2020,6,5,2,0,0,1,0,0
18,257146,5.5,4,397.0,2020,11,19,2,0,0,1,0,0
19,160653,6.9,4,316.3,2020,2,25,2,0,1,0,0,0
20,173098,5.9,3,296.9,2020,4,16,2,1,0,0,0,0
21,44759,7.8,2,155.8,2020,1,14,0,1,0,0,0,0
22,257485,4.9,4,340.0,2022,12,28,2,0,0,0,1,0
23,360545,6.2,6,512.9,2020,4,7,2,0,0,1,0,0
24,299439,4.7,6,533.1,2020,1,9,2,1,0,0,0,0
25,181902,8.9,4,310.6,2021,8,29,2,1,0,0,0,0
26,247401,3.7,5,486.5,2022,5,20,2,0,1,0,0,0
27,297446,4.7,5,424.8,2021,12,13,2,0,0,1,0,0
28,429022,5.9,6,532.8,2020,10,27,2,0,0,0,1,0
29,74877,3.8,3,209.8,2022,8,22,1,0,1,0,0,0
30,415389,4.8,6,520.9,2022,11,14,2,0,0,0,1,0
31,91672,7.6,3,229.4,2020,4,13,0,0,0,0,1,0
32,76722,6.4,2,160.2,2021,4,2,1,0,0,1,0,0
33,202506,5.8,3,254.8,2020,1,31,2,0,0,0,1,0
34,77037,6.4,2,168.6,2020,9,29,1,0,0,1,0,0
35,396370,5.4,6,553.8,2022,9,5,2,0,0,1,0,0
36,91287,7.9,2,175.4,2020,7,23,1,0,0,1,0,0
37,197265,6.1,3,254.9,2020,10,14,2,0,0,0,1,0
38,89504,6.6,3,228.8,2020,8,3,1,0,1,0,0,0
39,215858,5.4,5,428.7,2020,7,5,2,0,1,0,0,0
40,141265,4.1,3,246.1,2022,4,3,2,1,0,0,0,0
41,309230,7.4,5,461.7,2022,1,14,2,0,0,1,0,0
42,77482,7.1,2,125.5,2021,3,19,1,0,0,0,1,0
43,305026,5.4,4,392.1,2022,4,29,2,0,0,0,1,0
44,224905,6.9,5,455.4,2022,10,16,2,0,1,0,0,0
45,299889,6.7,5,420.2,2022,8,2,2,0,0,1,0,0
46,183020,5.5,3,298.4,2021,9,30,2,1,0,0,0,0
47,266342,3.9,5,462.6,2020,9,29,2,1,0,0,0,0
48,320752,5.1,5,408.9,2021,9,7,2,0,0,0,1,0
49,286361,4.3,5,484.1,2022,7,30,2,1,0,0,0,0
50,375974,6.1,6,510.9,2022,1,3,2,0,0,0,1,0
51,201771,5.8,3,271.4,2020,12,27,2,0,0,1,0,0
52,349648,5.4,5,439.3,2020,6,15,2,0,0,0,1,0
53,79784,6.9,2,149.5,2022,9,7,1,0,0,1,0,0
54,239106,5.0,4,317.3,2022,9,17,2,0,0,0,1,0
55,50975,7.8,2,119.1,2022,9,23,1,1,0,0,0,0
56,340734,8.1,5,408.3,2021,6,5,2,0,0,0,1,0
57,245261,6.5,6,552.9,2022,8,6,2,0,1,0,0,0
58,418131,7.7,6,592.1,2022,5,10,2,0,0,1,0,0
59,205905,7.6,4,382.5,2021,2,28,2,0,1,0,0,0
60,61207,5.2,2,145.0,2020,6,27,1,1,0,0,0,0
61,63949,2.6,2,181.8,2020,10,6,0,0,0,1,0,0
62,285132,3.8,4,337.3,2022,12,18,2,0,0,0,1,0
63,229931,3.5,5,440.4,2021,12,22,2,0,1,0,0,0
64,380205,4.2,6,520.7,2022,12,19,2,0,0,1,0,0
65,316508,1.2,4,383.6,2021,7,31,2,0,0,0,1,0
66,456663,8.0,6,598.5,2020,9,28,2,0,0,0,1,0
67,173451,5.6,4,346.1,2021,12,22,2,0,1,0,0,0
68,429969,8.1,6,589.1,2022,5,16,2,0,0,1,0,0
69,215575,6.3,4,349.9,2022,10,2,2,1,0,0,0,0
70,187712,6.5,3,240.3,2021,8,4,2,0,0,0,1,0
71,210941,7.8,4,334.7,2021,5,23,2,1,0,0,0,0
72,160239,6.6,3,271.9,2020,11,13,2,1,0,0,0,0
73,256985,8.1,4,309.3,2020,3,8,2,0,0,0,1,0
74,184410,3.3,3,275.0,2021,11,6,2,0,0,1,0,0
75,332355,7.3,5,453.3,2022,2,4,2,0,0,1,0,0
76,268043,7.4,4,394.7,2020,6,4,2,0,0,1,0,0
77,26348,5.9,2,109.0,2022,10,3,0,0,1,0,0,0
78,43047,9.4,2,110.3,2021,4,20,1,0,1,0,0,0
79,359392,8.9,6,523.7,2022,2,25,2,0,0,1,0,0
80,69405,7.8,3,201.2,2020,6,18,0,0,0,1,0,0
81,72586,5.4,2,147.4,2020,5,28,1,0,0,0,0,1
82,201099,7.8,3,246.7,2020,12,28,2,0,0,0,1,0
83,59814,6.9,2,148.3,2021,2,13,0,0,0,0,1,0
84,67184,7.8,2,144.1,2021,5,14,1,1,0,0,0,0
85,157600,5.9,3,260.3,2021,10,11,2,1,0,0,0,0
86,210697,8.8,4,308.3,2020,6,24,2,0,0,1,0,0
87,245619,6.4,4,363.4,2021,2,24,2,0,0,1,0,0
88,351162,6.0,5,463.3,2021,6,4,2,0,0,1,0,0
89,338647,3.7,5,459.5,2022,12,28,2,0,0,0,0,1
90,143188,7.1,3,285.4,2022,2,11,2,0,1,0,0,0
91,318442,5.6,4,373.1,2020,6,3,2,0,0,0,1,0
92,98395,5.9,2,160.1,2022,3,10,1,0,0,0,1,0
93,151648,7.1,2,192.4,2020,7,11,2,0,0,0,1,0
94,269871,3.6,5,415.7,2020,5,28,2,0,0,1,0,0
95,87891,3.2,2,147.6,2022,7,8,1,0,0,0,1,0
96,162407,8.5,3,293.5,2021,11,9,2,1,0,0,0,0
97,273335,5.9,5,464.4,2021,12,4,2,1,0,0,0,0
98,168295,6.2,4,329.0,2020,7,16,2,0,1,0,0,0
99,336904,7.6,5,450.9,2021,9,15,2,0,0,0,1,0
100,52920,3.5,2,151.8,2021,4,24,0,0,0,1,0,0
101,190121,4.3,4,310.2,2021,3,18,2,1,0,0,0,0
102,211025,4.4,5,408.3,2020,4,10,2,0,1,0,0,0
103,282420,5.3,6,561.3,2021,6,4,2,0,1,0,0,0
104,95564,4.5,3,210.3,2022,11,28,1,1,0,0,0,0
105,366021,10.4,5,491.9,2021,8,11,2,0,0,1,0,0
106,227392,4.7,4,319.7,2021,5,28,2,0,0,1,0,0
107,254781,9.2,4,373.5,2021,1,27,2,0,0,1,0,0
108,408029,5.1,5,495.3,2020,12,25,2,0,0,0,1,0
109,301292,4.8,5,435.2,2021,10,7,2,0,0,1,0,0
110,113242,8.0,3,235.1,2022,6,14,1,0,0,1,0,0
111,245426,6.9,4,365.5,2020,7,14,2,0,0,1,0,0
112,71597,5.2,3,223.0,2021,4,20,0,1,0,0,0,0
113,362570,7.6,6,563.8,2020,5,16,2,1,0,0,0,0
114,383336,3.7,6,559.9,2020,9,13,2,0,0,1,0,0
115,102825,6.1,2,193.5,2022,2,26,1,0,0,1,0,0
116,452661,1.7,6,570.2,2022,7,27,2,0,0,0,1,0
117,128097,8.0,2,196.9,2021,7,23,2,0,0,1,0,0
118,324382,7.3,6,538.8,2020,7,5,2,1,0,0,0,0
119,316638,6.3,6,532.4,2020,12,22,2,1,0,0,0,0
120,52380,10.2,3,208.6,2021,6,6,0,0,1,0,0,0
121,139212,0.8,3,210.5,2021,1,9,1,0,0,0,1,0
122,212638,5.7,4,318.1,2022,10,5,2,0,0,1,0,0
123,269311,6.1,4,380.8,2020,2,7,2,0,0,0,1,0
124,66253,4.3,2,140.0,2022,2,22,1,1,0,0,0,0
125,53400,7.4,2,163.2,2021,1,19,0,1,0,0,0,0
126,280043,2.6,5,455.0,2021,2,20,2,1,0,0,0,0
127,217948,2.0,5,453.7,2022,2,11,2,0,1,0,0,0
128,179314,5.3,3,251.2,2020,1,17,2,0,0,1,0,0
129,229070,8.5,4,388.2,2021,4,30,2,1,0,0,0,0
130,441050,3.5,6,570.8,2021,7,4,2,0,0,0,1,0
131,357657,8.7,6,591.5,2021,8,6,2,0,0,0,0,1
132,354427,2.3,5,468.1,2021,5,14,2,0,0,1,0,0
133,386001,4.5,6,526.0,2022,9,17,2,0,0,1,0,0
134,319386,6.1,5,404.8,2020,11,26,2,0,0,0,1,0
135,267777,5.9,4,378.1,2022,12,10,2,0,0,1,0,0
136,331802,4.5,6,500.9,2020,11,6,2,0,0,1,0,0
137,455750,4.5,6,562.3,2022,5,18,2,0,0,0,1,0
138,146841,5.0,4,325.1,2020,11,13,2,0,1,0,0,0
139,129772,6.9,3,263.4,2022,8,3,2,0,1,0,0,0
140,273134,4.5,5,486.5,2020,2,13,2,1,0,0,0,0
141,51167,7.1,2,117.4,2021,8,14,1,1,0,0,0,0
142,125551,4.3,3,224.1,2020,6,9,2,1,0,0,0,0
143,334500,6.5,5,473.8,2021,2,19,2,0,0,1,0,0
144,229632,6.4,6,504.4,2020,1,10,2,0,1,0,0,0
145,509536,8.1,6,587.4,2022,9,21,2,0,0,0,1,0
146,206593,6.9,3,269.2,2022,12,21,2,0,0,0,1,0
147,296638,6.1,6,557.5,2021,1,10,2,0,1,0,0,0
148,94535,5.9,2,187.3,2021,9,16,1,0,0,0,0,1
149,222766,8.5,4,397.0,2020,1,7,2,1,0,0,0,0
150,256261,8.6,4,379.2,2020,6,29,2,0,0,1,0,0
151,263779,9.2,4,383.5,2022,1,8,2,0,0,1,0,0
152,144728,3.7,3,202.1,2022,5,18,2,0,0,1,0,0
153,35548,10.2,2,136.9,2020,1,22,0,0,1,0,0,0
154,318196,2.0,5,470.8,2020,7,27,2,0,0,1,0,0
155,286527,7.1,4,345.2,2022,10,14,2,0,0,0,1,0
156,59039,6.7,2,150.8,2020,10,8,1,0,1,0,0,0
157,346812,6.6,6,566.2,2020,10,7,2,1,0,0,0,0
158,309372,6.1,5,402.6,2022,4,4,2,0,0,0,1,0
159,263255,4.4,4,364.6,2022,2,23,2,0,0,0,1,0
160,332567,4.5,6,565.0,2022,6,20,2,1,0,0,0,0
161,127143,6.5,3,240.4,2022,7,12,2,1,0,0,0,0
162,419696,4.8,6,559.4,2022,1,10,2,0,0,0,1,0
163,140986,3.7,3,226.1,2022,2,10,1,0,0,0,0,1
164,197759,6.6,4,382.9,2022,4,16,2,0,1,0,0,0
165,116013,7.5,3,207.0,2020,1,15,1,0,0,1,0,0
166,314469,4.7,5,475.2,2021,2,14,2,0,0,1,0,0
167,348439,7.3,5,452.8,2020,1,17,2,0,0,0,1,0
168,298567,5.0,5,418.4,2022,4,9,2,0,0,1,0,0
169,238000,4.3,4,354.4,2021,3,1,2,0,0,1,0,0
170,194180,3.0,4,310.2,2020,9,8,2,1,0,0,0,0
171,82092,4.6,3,219.2,2022,7,20,0,0,0,0,1,0
172,315322,5.9,6,556.0,2020,10,1,2,1,0,0,0,0
173,252919,6.2,4,355.7,2022,9,21,2,0,0,1,0,0
174,50443,3.9,2,115.8,2020,12,14,1,1,0,0,0,0
175,209008,5.2,5,410.6,2021,8,30,2,0,1,0,0,0
176,224529,9.6,4,326.3,2020,4,12,2,0,0,1,0,0
177,493150,9.7,6,571.8,2020,1,16,2,0,0,0,1,0
178,447055,5.9,6,547.6,2022,11,26,2,0,0,0,1,0
179,35158,8.0,2,124.2,2020,8,9,0,1,0,0,0,0
180,66955,5.9,2,153.0,2022,12,16,0,0,0,0,1,0
181,192159,6.8,3,261.0,2020,4,12,2,0,0,0,1,0
182,187927,6.2,3,266.1,2021,12,24,2,0,0,0,0,1
183,406282,2.2,6,571.4,2022,3,29,2,0,0,0,0,1
184,46581,6.9,2,147.3,2021,10,11,0,1,0,0,0,0
185,313445,8.6,6,591.6,2021,4,17,2,0,1,0,0,0
186,96441,2.5,3,220.6,2021,10,12,1,1,0,0,0,0
187,251786,3.7,4,354.0,2022,3,3,2,0,0,0,1,0
188,501427,4.8,6,596.7,2022,9,2,2,0,0,0,1,0
189,196885,4.5,3,291.1,2021,8,28,2,0,0,1,0,0
190,186001,5.5,3,281.6,2021,8,18,2,0,0,0,0,1
191,344388,8.5,5,467.8,2021,3,13,2,0,0,0,1,0
192,291063,4.6,5,474.2,2022,7,19,2,1,0,0,0,0
193,263040,4.2,5,443.6,2020,4,23,2,0,0,0,0,1
194,318996,5.2,5,427.2,2022,1,17,2,0,0,1,0,0
195,98234,3.6,2,195.5,2022,3,14,1,0,0,1,0,0
196,449907,6.2,6,579.7,2022,9,30,2,0,0,0,1,0
197,258044,4.0,6,515.1,2022,1,20,2,0,1,0,0,0
198,183004,5.0,4,338.9,2022,6,18,2,1,0,0,0,0
199,283127,3.3,4,360.7,2021,6,25,2,0,0,0,1,0
200,364186,5.9,5,489.7,2022,6,15,2,0,0,1,0,0
201,111965,9.6,3,218.6,2022,6,14,1,0,0,1,0,0
202,73221,8.3,3,220.4,2022,1,25,0,0,0,1,0,0
203,57602,4.8,2,113.4,2021,7,15,1,0,0,1,0,0
204,307538,4.9,5,407.8,2021,9,24,2,0,0,0,1,0
205,190517,6.8,3,239.2,2021,3,9,2,0,0,0,1,0
206,149373,6.4,3,221.7,2022,11,28,1,0,0,0,1,0
207,268716,6.6,6,526.6,2022,9,2,2,0,1,0,0,0
208,345701,8.1,5,435.1,2020,11,10,2,0,0,0,1,0
209,115173,6.7,3,219.4,2021,12,21,1,0,0,1,0,0
210,57616,10.7,2,155.0,2020,6,28,1,0,1,0,0,0
211,44968,6.9,2,124.3,2021,10,26,1,0,0,0,0,1
212,30608,4.1,2,102.4,2021,3,14,0,1,0,0,0,0
213,108829,2.7,3,226.6,2020,2,20,1,0,0,1,0,0
214,343253,3.8,6,544.1,2022,8,5,2,1,0,0,0,0
215,496913,6.7,6,582.0,2020,2,15,2,0,0,0,1,0
216,297818,6.4,6,555.1,2021,4,27,2,0,1,0,0,0
217,320985,3.4,5,482.1,2022,5,5,2,1,0,0,0,0
218,280447,6.3,4,354.9,2022,11,13,2,0,0,0,1,0
219,240690,7.0,4,359.1,2020,8,10,2,0,0,1,0,0
220,169287,4.1,3,254.7,2022,12,13,2,1,0,0,0,0
221,281208,9.1,6,551.7,2021,11,26,2,0,1,0,0,0
222,28517,4.9,2,114.5,2022,12,29,0,0,1,0,0,0
223,253929,7.5,3,288.5,2021,10,18,2,0,0,0,1,0
224,69767,3.2,2,197.3,2020,7,30,0,0,0,1,0,0
225,61313,4.1,2,125.6,2022,10,17,1,1,0,0,0,0
226,180249,5.7,3,248.3,2022,6,10,2,0,0,1,0,0
227,188541,6.5,3,296.4,2021,2,7,2,1,0,0,0,0
228,114865,5.3,2,197.8,2020,9,29,1,0,0,0,0,1
229,283517,6.9,6,541.1,2021,1,22,2,0,1,0,0,0
230,158584,4.1,3,241.1,2020,8,20,2,0,0,0,0,1
231,253081,4.9,4,373.4,2021,1,25,2,0,0,1,0,0
232,74855,5.4,3,205.5,2022,10,1,0,0,0,0,1,0
233,222602,5.8,3,278.7,2022,8,7,2,0,0,0,1,0
234,361507,3.3,6,505.3,2022,8,18,2,0,0,1,0,0
235,290760,6.9,6,507.7,2021,5,10,2,1,0,0,0,0
236,129211,2.7,3,233.1,2020,12,22,1,0,0,1,0,0
237,55775,6.9,2,124.3,2020,3,22,1,1,0,0,0,0
238,459909,2.8,6,563.7,2021,6,3,2,0,0,0,1,0
239,110808,5.7,2,181.7,2022,12,11,2,0,0,1,0,0
240,234585,8.2,4,392.9,2021,8,28,2,1,0,0,0,0
241,185864,4.5,3,251.0,2021,11,24,2,0,0,1,0,0
242,106067,6.4,2,199.5,2022,12,1,1,0,0,0,0,1
243,143888,4.2,3,249.5,2022,12,5,2,1,0,0,0,0
244,155078,11.4,3,274.2,2020,2,9,2,1,0,0,0,0
245,246488,4.9,4,351.1,2021,1,5,2,0,0,1,0,0
246,66189,7.7,3,212.3,2021,2,25,0,1,0,0,0,0
247,291468,6.0,4,335.1,2022,9,26,2,0,0,0,1,0
248,424964,8.2,6,587.7,2020,3,15,2,0,0,1,0,0
249,368273,6.3,6,527.6,2021,1,16,2,0,0,1,0,0
250,56447,7.7,2,101.0,2022,11,23,1,0,0,1,0,0
251,471186,3.7,6,597.2,2020,5,17,2,0,0,0,1,0
252,60728,4.5,2,172.8,2021,12,7,0,0,0,1,0,0
253,148432,5.3,3,254.0,2020,8,15,2,1,0,0,0,0
254,100458,10.0,2,159.5,2021,10,30,1,0,0,0,1,0
255,53633,4.9,2,104.2,2021,5,24,1,0,0,0,0,1
256,419696,9.4,6,582.7,2022,1,5,2,0,0,1,0,0
257,156392,2.9,3,242.8,2021,12,9,2,0,0,1,0,0
258,263646,9.6,4,335.4,2021,7,10,2,0,0,0,1,0
259,384440,10.1,6,568.2,2020,4,29,2,0,0,1,0,0
260,222905,7.3,5,445.3,2020,11,14,2,0,1,0,0,0
261,169743,5.3,3,292.1,2022,3,7,2,1,0,0,0,0
262,237206,9.1,3,293.3,2022,4,9,2,0,0,0,1,0
263,39578,7.9,2,124.5,2020,2,19,0,1,0,0,0,0
264,276995,3.2,4,351.5,2020,3,24,2,0,0,1,0,0
265,97776,3.9,3,200.0,2022,1,17,1,1,0,0,0,0
266,215675,8.1,5,485.5,2021,11,1,2,0,1,0,0,0
267,256776,7.1,5,442.4,2020,5,17,2,1,0,0,0,0
268,203563,4.4,3,292.3,2021,5,13,2,0,0,1,0,0
269,208082,6.4,4,361.0,2022,6,28,2,1,0,0,0,0
270,63745,5.7,2,123.7,2020,7,27,1,0,0,1,0,0
271,74913,5.7,2,168.5,2020,9,16,0,0,0,0,0,1
272,408685,2.9,6,563.0,2021,6,14,2,0,0,1,0,0
273,279118,5.5,5,445.7,2022,7,30,2,0,0,1,0,0
274,204428,6.3,4,323.9,2021,5,17,2,1,0,0,0,0
275,198055,7.2,3,294.4,2020,1,12,2,0,0,1,0,0
276,89000,6.9,2,186.3,2021,8,21,1,1,0,0,0,0
277,255176,3.4,4,398.8,2022,9,15,2,1,0,0,0,0
278,237629,3.9,4,357.7,2021,6,5,2,0,0,1,0,0
279,60662,6.5,2,111.8,2021,11,12,1,0,0,0,0,1
280,316761,7.3,6,594.8,2021,2,4,2,0,1,0,0,0
281,358561,6.8,5,424.2,2021,12,1,2,0,0,0,1,0
282,200398,5.5,4,398.5,2021,3,20,2,0,1,0,0,0
283,254331,5.8,5,473.9,2022,11,7,2,0,1,0,0,0
284,413258,10.5,6,576.1,2022,9,28,2,0,0,1,0,0
285,203649,7.1,4,398.0,2022,5,26,2,0,1,0,0,0
286,337266,8.1,5,492.9,2021,1,5,2,0,0,1,0,0
287,233845,2.6,4,308.1,2022,10,24,2,0,0,0,1,0
288,122329,9.9,3,201.2,2021,7,11,1,0,0,0,1,0
289,212534,5.1,4,332.5,2020,3,27,2,1,0,0,0,0
290,148661,6.5,3,284.5,2022,1,12,2,0,1,0,0,0
291,211316,6.6,4,372.7,2022,6,17,2,1,0,0,0,0
292,203732,5.9,4,338.0,2021,1,5,2,1,0,0,0,0
293,81868,5.0,2,156.8,2020,4,30,1,0,0,1,0,0
294,185911,6.1,4,319.6,2022,10,4,2,1,0,0,0,0
295,60297,4.6,2,141.4,2021,1,20,1,1,0,0,0,0
296,220123,4.1,4,361.5,2022,5,16,2,1,0,0,0,0
297,343401,2.6,5,404.9,2020,5,16,2,0,0,0,1,0
298,249262,7.4,4,371.2,2020,3,17,2,0,0,1,0,0
299,383882,5.8,5,479.1,2020,7,22,2,0,0,0,0,1
300,357382,7.7,6,536.8,2022,11,12,2,0,0,1,0,0
301,156936,6.1,3,250.1,2020,3,9,2,0,0,1,0,0
302,172360,5.2,3,289.6,2022,12,30,2,1,0,0,0,0
303,135691,4.7,3,255.7,2021,10,21,2,0,1,0,0,0
304,277277,5.2,5,414.8,2021,12,11,2,0,0,1,0,0
305,47982,7.0,2,184.9,2022,7,28,0,0,1,0,0,0
306,155232,6.0,3,257.6,2020,12,28,2,1,0,0,0,0
307,274027,4.9,4,381.7,2020,6,28,2,0,0,1,0,0
308,100578,6.7,2,186.0,2021,8,23,1,0,0,1,0,0
309,72401,6.0,2,182.2,2021,1,20,0,0,0,0,1,0
310,185532,6.2,3,276.6,2022,12,22,2,0,0,1,0,0
311,175314,7.9,3,239.7,2022,7,16,2,0,0,1,0,0
312,146652,4.8,3,237.6,2020,5,15,1,0,0,0,1,0
313,61163,4.7,2,168.3,2020,12,31,1,0,1,0,0,0
314,345139,3.1,5,461.5,2022,10,18,2,0,0,1,0,0
315,276398,7.2,4,377.3,2021,7,23,2,0,0,1,0,0
316,200048,7.1,3,262.6,2022,8,30,2,0,0,1,0,0
317,268610,7.2,5,424.9,2022,9,29,2,1,0,0,0,0
318,264477,2.6,5,414.9,2020,8,6,2,0,0,1,0,0
319,36152,7.4,2,110.2,2022,5,13,0,1,0,0,0,0
320,444695,7.0,6,551.0,2022,11,23,2,0,0,0,1,0
321,336815,5.8,6,588.7,2020,6,14,2,1,0,0,0,0
322,113624,5.1,3,209.9,2021,9,13,1,0,0,1,0,0
323,344630,9.3,5,471.6,2020,4,8,2,0,0,1,0,0
324,361033,4.7,6,566.1,2022,7,8,2,1,0,0,0,0
325,244749,5.8,4,314.4,2022,10,2,2,0,0,0,1,0
326,420380,4.3,6,541.9,2020,4,8,2,0,0,1,0,0
327,312813,4.6,5,458.5,2022,6,8,2,0,0,1,0,0
328,292514,9.0,4,370.0,2020,2,8,2,0,0,0,1,0
329,230687,3.1,3,298.8,2021,7,7,2,0,0,0,1,0
330,293286,10.2,4,397.1,2022,5,4,2,0,0,1,0,0
331,318460,3.5,5,467.9,2020,7,6,2,0,0,1,0,0
332,74077,6.0,3,205.3,2021,9,8,0,0,0,0,1,0
333,237266,3.5,4,386.0,2021,4,11,2,1,0,0,0,0
334,312901,7.3,5,480.6,2021,11,21,2,0,0,1,0,0
335,365734,5.8,6,560.6,2021,8,31,2,0,0,1,0,0
336,190766,6.1,4,328.5,2020,10,16,2,1,0,0,0,0
337,356510,6.5,6,530.3,2022,12,24,2,0,0,1,0,0
338,356878,6.6,6,586.5,2021,3,31,2,1,0,0,0,0
339,426348,8.3,6,538.0,2021,5,1,2,0,0,0,1,0
340,247212,2.3,4,302.3,2021,1,21,2,0,0,0,1,0
341,308186,7.2,5,462.5,2020,8,18,2,0,0,1,0,0
342,147309,2.8,3,275.5,2020,5,10,2,1,0,0,0,0
343,362407,3.4,5,446.7,2020,4,5,2,0,0,0,1,0
344,227802,7.8,3,275.3,2020,4,17,2,0,0,0,1,0
345,249436,7.6,4,349.8,2020,3,6,2,0,0,1,0,0
346,302485,3.0,4,382.0,2022,9,1,2,0,0,0,1,0
347,49368,3.9,2,110.3,2020,2,12,1,1,0,0,0,0
348,317050,5.1,5,478.1,2020,8,25,2,0,0,1,0,0
349,75678,4.9,2,180.4,2021,12,23,1,1,0,0,0,0
350,176877,10.4,3,264.1,2021,8,5,2,0,0,1,0,0
351,34747,6.0,2,114.2,2020,5,7,0,0,0,1,0,0
352,313693,6.8,4,381.5,2022,5,2,2,0,0,0,1,0
353,359213,5.7,6,502.4,2020,7,12,2,0,0,1,0,0
354,93551,5.5,3,208.8,2020,1,27,1,1,0,0,0,0
355,220807,4.0,3,274.8,2020,4,21,2,0,0,0,1,0
356,249821,4.0,5,426.1,2022,3,28,2,1,0,0,0,0
357,414015,9.4,6,571.6,2022,10,16,2,0,0,1,0,0
358,476913,6.1,6,569.2,2021,4,12,2,0,0,0,1,0
359,75352,5.6,2,137.8,2021,6,13,1,0,0,1,0,0
360,450341,8.0,6,543.8,2022,1,22,2,0,0,0,1,0
361,105498,6.7,2,196.3,2021,6,17,1,0,0,1,0,0
362,57065,6.2,2,123.9,2020,8,26,1,1,0,0,0,0
363,32782,9.9,2,106.7,2021,9,27,0,1,0,0,0,0
364,100093,4.6,2,183.7,2022,2,17,1,0,0,1,0,0
365,334465,4.2,6,590.3,2020,9,8,2,1,0,0,0,0
366,79410,4.8,2,171.8,2020,7,30,1,1,0,0,0,0
367,192038,5.8,4,302.4,2021,9,6,2,1,0,0,0,0
368,197489,4.0,3,246.1,2020,8,8,2,0,0,0,1,0
369,335564,6.7,5,499.3,2020,11,21,2,0,0,1,0,0
370,195658,2.9,3,293.7,2021,5,21,2,0,0,1,0,0
371,340533,5.3,5,498.6,2020,10,17,2,0,0,1,0,0
372,42573,9.0,2,122.0,2020,3,19,1,0,0,0,0,1
373,283525,7.2,6,524.0,2020,6,11,2,1,0,0,0,0
374,209955,7.6,3,253.8,2021,10,24,2,0,0,0,1,0
375,162439,6.4,3,250.2,2020,2,27,2,1,0,0,0,0
376,88965,5.2,2,198.1,2022,12,13,1,1,0,0,0,0
377,52460,4.4,3,209.0,2022,9,28,0,0,1,0,0,0
378,364563,6.2,5,486.0,2021,10,26,2,0,0,0,0,1
379,161593,5.6,3,217.1,2020,6,4,2,0,0,0,1,0
380,33438,8.6,2,130.9,2022,5,4,0,0,1,0,0,0
381,52544,8.0,2,138.5,2021,8,6,1,0,1,0,0,0
382,291470,6.3,5,434.4,2020,6,14,2,0,0,1,0,0
383,247436,4.9,5,436.8,2022,4,2,2,1,0,0,0,0
384,386773,7.6,6,549.1,2022,5,20,2,0,0,1,0,0
385,241394,4.7,4,350.0,2021,2,1,2,0,0,1,0,0
386,256953,7.5,5,490.3,2021,8,24,2,1,0,0,0,0
387,296321,8.1,4,362.2,2021,10,25,2,0,0,0,1,0
388,320225,8.5,5,478.5,2022,5,4,2,0,0,1,0,0
389,310276,5.7,5,423.8,2021,11,20,2,0,0,1,0,0
390,73822,8.2,3,238.6,2021,6,20,0,0,0,0,0,1
391,149446,3.4,4,326.9,2020,7,31,2,0,1,0,0,0
392,475347,5.0,6,566.6,2020,12,24,2,0,0,0,1,0
393,465399,5.0,6,545.9,2021,8,19,2,0,0,0,1,0
394,434164,4.9,6,595.4,2022,5,27,2,0,0,1,0,0
395,462622,6.2,6,599.8,2022,6,11,2,0,0,0,1,0
396,308771,5.6,6,557.1,2021,10,29,2,1,0,0,0,0
397,228663,5.5,3,283.4,2020,1,17,2,0,0,0,1,0
398,361463,3.1,6,539.7,2020,8,17,2,0,0,1,0,0
399,154127,6.7,3,239.9,2021,11,25,1,0,0,0,1,0
400,433645,4.2,6,541.6,2021,7,1,2,0,0,0,1,0
401,308376,4.4,5,453.7,2020,1,3,2,0,0,1,0,0
402,35770,6.8,2,100.3,2022,1,29,0,0,0,1,0,0
403,372823,2.8,6,590.1,2022,4,17,2,1,0,0,0,0
404,97039,2.8,2,168.4,2020,11,4,1,0,0,1,0,0
405,66685,7.8,2,142.6,2021,5,21,1,1,0,0,0,0
406,142705,5.6,3,249.8,2022,7,23,2,1,0,0,0,0
407,214165,7.3,3,266.7,2022,7,11,2,0,0,0,1,0
408,409483,6.8,6,509.6,2022,12,15,2,0,0,1,0,0
409,284649,4.5,4,356.6,2020,11,10,2,0,0,0,1,0
410,294044,7.9,5,428.1,2020,12,1,2,0,0,1,0,0
411,88172,6.9,2,195.9,2021,1,17,1,1,0,0,0,0
412,149239,5.9,3,224.0,2021,2,26,2,0,0,1,0,0
413,250823,5.6,4,315.7,2020,11,25,2,0,0,0,1,0
414,50048,8.2,2,144.0,2020,11,16,0,0,0,0,1,0
415,57269,3.9,2,149.6,2021,1,9,0,0,0,0,0,1
416,163726,2.6,4,347.9,2020,3,18,2,0,1,0,0,0
417,334965,6.7,5,473.1,2021,12,28,2,0,0,0,0,1
418,111154,4.5,2,178.9,2020,7,7,1,0,0,0,1,0
419,239558,5.3,5,439.0,2021,11,3,2,0,1,0,0,0
420,185491,4.8,3,282.5,2021,12,6,2,0,0,1,0,0
421,228697,6.8,3,298.2,2021,5,31,2,0,0,0,1,0
422,191761,5.9,4,303.2,2020,4,12,2,0,0,1,0,0
423,139981,1.3,3,242.0,2020,10,14,2,1,0,0,0,0
424,343731,3.4,5,445.9,2022,11,1,2,0,0,0,1,0
425,368763,6.0,6,522.3,2021,6,30,2,0,0,1,0,0
426,324808,7.1,5,436.0,2022,12,20,2,0,0,1,0,0
427,218768,8.4,5,426.1,2020,11,29,2,0,1,0,0,0
428,226564,9.0,3,274.0,2022,6,4,2,0,0,0,1,0
429,306287,9.2,5,470.2,2020,10,20,2,0,0,1,0,0
430,482370,4.8,6,579.8,2022,2,27,2,0,0,0,1,0
431,328677,8.3,5,455.9,2020,7,26,2,0,0,1,0,0
432,64015,8.9,2,105.4,2021,8,15,1,0,0,0,1,0
433,304409,8.1,6,505.2,2022,9,14,2,1,0,0,0,0
434,32946,3.8,2,111.3,2020,12,22,0,1,0,0,0,0
435,391786,4.0,6,550.1,2021,10,20,2,0,0,1,0,0
436,346130,6.5,6,577.2,2021,6,12,2,1,0,0,0,0
437,56791,6.6,2,124.5,2021,1,4,1,1,0,0,0,0
438,232489,7.2,4,375.3,2021,8,21,2,1,0,0,0,0
439,81256,6.9,2,181.7,2021,8,7,1,1,0,0,0,0
440,390108,7.7,5,450.9,2020,11,11,2,0,0,0,1,0
441,114011,9.9,3,207.5,2020,11,8,2,1,0,0,0,0
442,335077,7.3,6,536.0,2021,11,10,2,1,0,0,0,0
443,148603,6.5,3,252.0,2022,7,16,2,1,0,0,0,0
444,199574,5.3,3,299.1,2022,11,8,2,0,0,1,0,0
445,121587,10.5,3,222.7,2020,1,1,1,0,0,1,0,0
446,241707,4.0,4,379.4,2022,11,14,2,1,0,0,0,0
447,127580,6.9,3,211.0,2021,4,8,1,0,0,0,1,0
448,270211,3.7,6,530.1,2020,8,15,2,0,1,0,0,0
449,270723,4.8,5,458.3,2021,1,8,2,1,0,0,0,0
450,251728,7.0,5,431.0,2021,1,26,2,1,0,0,0,0
451,52229,5.6,2,110.8,2022,6,20,1,0,0,1,0,0
452,69508,6.2,2,134.3,2021,9,23,1,0,0,1,0,0
453,343095,5.9,6,505.3,2022,4,11,2,0,0,1,0,0
454,39789,6.6,2,134.3,2020,10,26,0,1,0,0,0,0
455,225594,5.6,5,428.8,2020,12,29,2,0,1,0,0,0
456,374032,9.2,6,557.0,2020,4,27,2,0,0,1,0,0
457,203867,11.0,3,273.9,2021,3,10,2,0,0,1,0,0
458,244669,7.5,4,361.4,2021,12,4,2,0,0,1,0,0
459,256222,5.1,6,572.2,2021,1,21,2,0,1,0,0,0
460,356744,3.1,6,545.2,2021,9,6,2,0,0,1,0,0
461,45124,6.1,2,118.0,2020,11,16,0,0,0,1,0,0
462,140497,2.3,3,271.3,2022,5,15,2,1,0,0,0,0
463,239628,5.8,5,441.0,2020,1,30,2,1,0,0,0,0
464,61728,3.0,3,233.2,2020,1,6,0,0,1,0,0,0
465,151587,4.7,4,327.1,2021,12,23,2,0,1,0,0,0
466,241305,6.8,4,320.3,2020,6,13,2,0,0,1,0,0
467,88647,5.3,2,199.4,2020,7,27,1,1,0,0,0,0
468,202688,8.2,4,300.8,2021,8,26,2,0,0,0,0,1
469,171774,1.9,4,375.1,2020,5,24,2,0,1,0,0,0
470,290939,8.1,4,358.3,2022,10,1,2,0,0,0,1,0
471,80784,5.6,3,210.7,2020,8,22,1,0,1,0,0,0
472,425749,3.6,6,599.6,2020,9,4,2,0,0,1,0,0
473,345862,7.7,5,417.9,2021,12,21,2,0,0,0,1,0
474,206141,12.3,4,383.4,2021,1,5,2,1,0,0,0,0
475,190103,3.0,3,263.4,2021,9,13,2,0,0,1,0,0
476,210891,7.3,5,443.5,2022,11,10,2,0,1,0,0,0
477,91009,6.1,2,178.3,2021,9,19,1,0,0,1,0,0
478,187326,3.7,3,270.3,2021,6,11,2,0,0,1,0,0
479,354808,6.0,5,434.0,2022,8,2,2,0,0,0,1,0
480,445635,5.9,6,568.8,2020,9,4,2,0,0,0,1,0
481,196924,7.0,5,400.2,2020,5,16,2,0,1,0,0,0
482,53668,6.9,2,139.4,2022,3,25,0,0,0,0,1,0
483,157508,3.8,3,291.8,2022,2,13,2,1,0,0,0,0
484,366206,9.5,6,515.5,2022,1,31,2,0,0,0,1,0
485,224624,6.8,4,340.8,2021,8,29,2,0,0,1,0,0
486,93580,5.1,3,231.9,2022,10,9,0,0,0,0,1,0
487,225898,10.4,4,302.7,2020,1,22,2,0,0,1,0,0
488,351318,2.1,5,487.1,2020,6,6,2,0,0,1,0,0
489,334028,5.7,5,467.7,2021,1,14,2,0,0,1,0,0
490,329871,6.2,5,498.8,2022,11,8,2,0,0,1,0,0
491,256788,3.3,5,467.5,2022,6,7,2,1,0,0,0,0
492,365627,6.7,6,513.2,2022,10,1,2,0,0,1,0,0
493,338469,6.3,5,476.2,2020,12,12,2,0,0,0,1,0
494,152762,4.6,3,249.5,2022,10,26,2,0,0,0,0,1
495,299339,7.8,5,497.2,2020,1,28,2,0,0,0,0,1
496,330358,3.6,6,534.8,2021,10,29,2,1,0,0,0,0
497,277275,10.0,4,347.1,2022,3,8,2,0,0,0,1,0
498,88497,6.4,3,228.5,2021,10,23,1,0,1,0,0,0
499,282182,8.0,5,490.6,2021,8,1,2,1,0,0,0,0
500,239075,5.7,3,288.3,2020,8,20,2,0,0,0,1,0
501,225617,7.0,4,339.5,2022,2,25,2,1,0,0,0,0
502,48113,5.2,2,144.1,2020,8,31,0,0,0,1,0,0
503,284275,5.0,5,458.8,2021,4,12,2,1,0,0,0,0
504,336997,9.7,6,560.5,2020,4,18,2,1,0,0,0,0
505,142703,6.0,4,300.9,2020,3,2,2,0,1,0,0,0
506,202858,5.9,3,279.1,2021,2,15,2,0,0,0,1,0
507,278892,6.8,5,450.0,2020,9,19,2,1,0,0,0,0
508,348346,4.5,5,469.3,2020,2,17,2,0,0,1,0,0
509,62387,3.5,2,164.3,2022,3,31,0,0,0,1,0,0
510,248213,6.2,4,341.1,2021,5,8,2,0,0,1,0,0
511,378641,4.3,6,561.7,2021,12,31,2,0,0,1,0,0
512,63733,6.9,2,140.7,2022,10,19,1,1,0,0,0,0
513,329297,4.4,6,579.8,2021,2,1,2,1,0,0,0,0
514,363507,0.8,5,433.3,2022,4,1,2,0,0,0,1,0
515,31877,7.6,2,102.1,2021,7,22,0,1,0,0,0,0
516,48210,4.3,2,106.4,2022,10,11,1,1,0,0,0,0
517,84111,6.3,3,234.2,2021,2,6,1,0,0,0,0,1
518,335550,8.5,6,569.6,2021,6,24,2,1,0,0,0,0
519,290411,3.8,5,478.2,2020,8,6,2,1,0,0,0,0
520,140615,6.3,3,299.8,2020,5,29,2,0,1,0,0,0
521,452319,7.3,6,564.0,2022,1,5,2,0,0,0,1,0
522,330420,7.6,5,440.1,2022,10,29,2,0,0,0,1,0
523,152916,4.2,3,245.8,2022,8,2,2,1,0,0,0,0
524,415168,7.7,6,540.8,2020,12,26,2,0,0,0,1,0
525,199192,5.5,3,284.8,2022,8,29,2,0,0,1,0,0
526,263782,9.5,4,383.9,2020,11,29,2,0,0,1,0,0
527,72861,4.6,2,172.9,2020,1,19,0,0,0,0,1,0
528,110560,6.4,3,210.7,2020,6,8,1,0,0,1,0,0
529,308749,9.8,5,478.0,2022,1,3,2,0,0,1,0,0
530,333954,5.3,6,569.1,2022,9,10,2,1,0,0,0,0
531,41767,8.2,2,115.2,2022,2,15,1,0,0,0,0,1
532,207419,6.4,5,411.5,2020,3,20,2,0,1,0,0,0
533,50829,7.3,2,129.1,2020,9,2,1,0,1,0,0,0
534,394333,7.7,6,564.9,2020,3,31,2,0,0,1,0,0
535,312185,6.1,6,509.3,2022,5,29,2,1,0,0,0,0
536,424665,5.4,6,558.4,2021,5,29,2,0,0,1,0,0
537,241186,2.4,4,354.0,2022,8,4,2,0,0,1,0,0
538,321995,6.7,6,537.3,2021,9,16,2,1,0,0,0,0
539,319634,4.5,5,497.0,2021,3,15,2,0,0,1,0,0
540,200226,4.1,4,316.7,2022,5,11,2,1,0,0,0,0
541,235888,6.2,4,307.3,2020,3,1,2,0,0,0,1,0
542,279327,5.9,6,503.5,2022,12,11,2,0,0,0,0,1
543,133413,5.8,3,218.4,2022,6,15,2,1,0,0,0,0
544,227722,7.9,4,354.7,2022,5,30,2,0,0,1,0,0
545,322755,4.5,6,564.7,2022,1,4,2,1,0,0,0,0
546,272837,5.5,4,368.9,2021,10,26,2,0,0,1,0,0
547,404275,6.1,6,553.8,2021,7,26,2,0,0,0,1,0
548,88691,4.2,2,188.9,2021,11,29,1,1,0,0,0,0
549,283943,6.9,6,573.3,2022,8,8,2,0,1,0,0,0
550,135694,7.1,3,226.4,2021,11,17,1,0,0,0,1,0
551,89852,5.9,3,222.3,2022,8,8,0,0,0,0,1,0
552,391447,9.0,6,551.9,2021,1,9,2,0,0,1,0,0
553,171830,3.0,4,308.1,2021,8,5,2,1,0,0,0,0
554,344209,5.0,5,454.5,2022,1,5,2,0,0,1,0,0
555,388010,7.6,6,511.3,2020,10,9,2,0,0,0,1,0
556,317847,5.2,5,430.5,2022,12,18,2,0,0,1,0,0
557,293273,3.6,5,414.4,2020,4,17,2,0,0,0,1,0
558,70534,7.2,3,229.0,2021,6,9,0,1,0,0,0,0
559,240284,6.3,5,499.4,2021,6,18,2,0,1,0,0,0
560,50856,9.1,2,100.7,2020,9,5,1,0,0,1,0,0
561,72898,2.5,2,167.2,2021,6,16,1,1,0,0,0,0
562,172720,5.1,3,285.3,2020,12,9,2,1,0,0,0,0
563,77660,9.2,3,217.6,2022,3,22,0,0,0,1,0,0
564,90084,5.9,2,178.3,2022,1,26,1,0,0,1,0,0
565,382832,5.2,5,498.9,2021,10,17,2,0,0,0,1,0
566,414522,4.3,6,594.4,2022,12,25,2,0,0,1,0,0
567,177056,5.4,3,291.8,2022,1,5,2,1,0,0,0,0
568,407650,8.2,6,526.8,2020,2,28,2,0,0,0,1,0
569,57661,6.2,2,125.8,2022,7,12,1,1,0,0,0,0
570,103182,6.9,3,240.0,2022,12,16,1,1,0,0,0,0
571,246132,4.8,5,476.2,2020,12,27,2,0,1,0,0,0
572,223178,3.6,4,300.8,2022,2,13,2,0,0,1,0,0
573,40910,5.9,2,183.3,2020,5,24,0,0,1,0,0,0
574,145540,5.3,3,246.2,2020,12,7,2,1,0,0,0,0
575,37296,3.5,2,107.1,2021,4,11,0,0,0,1,0,0
576,56147,6.2,2,132.2,2020,11,27,0,0,0,0,1,0
577,62113,4.9,2,190.8,2022,4,28,0,0,0,1,0,0
578,292614,5.4,4,396.0,2021,1,26,2,0,0,0,1,0
579,200200,5.9,5,411.1,2022,3,22,2,0,1,0,0,0
580,169258,5.9,3,233.3,2021,4,3,2,0,0,0,1,0
581,78822,6.6,2,124.3,2021,4,15,1,0,0,0,1,0
582,119373,9.6,2,195.9,2021,9,11,1,0,0,0,1,0
583,354319,5.8,6,535.5,2020,3,19,2,0,0,1,0,0
584,291651,8.5,5,485.1,2020,12,1,2,1,0,0,0,0
585,409857,1.3,6,599.1,2022,4,27,2,0,0,0,0,1
586,224032,7.1,3,294.9,2022,6,25,2,0,0,1,0,0
587,31670,5.6,2,109.6,2022,11,25,0,1,0,0,0,0
588,268650,7.3,6,528.0,2021,10,19,2,0,1,0,0,0
589,150481,6.8,3,265.2,2021,9,16,2,1,0,0,0,0
590,132108,9.6,3,204.9,2022,7,28,1,0,0,0,1,0
591,487491,6.9,6,578.6,2021,3,8,2,0,0,0,1,0
592,57515,3.3,2,144.0,2022,12,26,1,0,1,0,0,0
593,280525,6.3,4,376.1,2022,1,11,2,0,0,1,0,0
594,188867,3.3,3,292.3,2022,2,10,2,0,0,1,0,0
595,234700,7.3,5,425.1,2021,5,11,2,0,1,0,0,0
596,186089,8.4,3,254.2,2021,7,19,2,0,0,1,0,0
597,288225,10.2,6,525.8,2022,12,30,2,1,0,0,0,0
598,292564,3.3,5,457.6,2020,6,6,2,0,0,1,0,0
599,289848,7.8,5,450.4,2020,7,27,2,1,0,0,0,0
600,77847,3.2,2,120.3,2020,6,25,1,0,0,0,1,0
601,200658,3.5,5,409.5,2020,7,22,2,0,1,0,0,0
602,393649,6.8,5,498.6,2020,9,15,2,0,0,0,1,0
603,222890,9.1,3,290.1,2021,9,23,2,0,0,0,1,0
604,214500,5.2,4,315.3,2022,2,28,2,0,0,1,0,0
605,242523,1.9,5,408.4,2020,1,8,2,1,0,0,0,0
606,124509,0.5,3,224.4,2020,1,2,1,0,0,1,0,0
607,242697,7.0,4,339.1,2022,11,7,2,0,0,1,0,0
608,63728,3.3,2,132.4,2021,4,1,1,0,0,0,0,1
609,92205,4.1,3,236.8,2022,11,1,0,0,0,0,1,0
610,345851,6.4,6,568.9,2021,12,28,2,1,0,0,0,0
611,45820,6.3,2,158.1,2020,3,13,0,1,0,0,0,0
612,380120,7.5,6,575.8,2022,9,9,2,1,0,0,0,0
613,183077,2.2,3,251.9,2020,6,15,2,0,0,1,0,0
614,429765,4.3,6,559.9,2022,10,18,2,0,0,0,1,0
615,39609,10.5,2,115.5,2021,2,7,0,0,0,1,0,0
616,174464,5.0,3,252.4,2021,6,30,2,0,0,1,0,0
617,57463,4.0,2,137.7,2022,5,31,1,1,0,0,0,0
618,85619,7.0,2,152.4,2021,3,5,1,0,0,1,0,0
619,80856,7.6,2,169.1,2021,9,22,1,0,0,1,0,0
620,320758,3.0,6,567.1,2020,12,17,2,0,1,0,0,0
621,400591,5.2,6,535.0,2020,8,11,2,0,0,1,0,0
622,154017,7.0,3,245.6,2020,3,31,2,1,0,0,0,0
623,211904,8.1,4,317.5,2022,7,27,2,0,0,1,0,0
624,83115,4.1,2,184.2,2022,9,16,1,1,0,0,0,0
625,257839,2.7,5,415.7,2022,7,9,2,1,0,0,0,0
626,230782,2.9,5,414.5,2022,5,14,2,1,0,0,0,0
627,175860,9.2,3,295.1,2021,12,3,2,1,0,0,0,0
628,361978,3.7,5,443.2,2021,7,8,2,0,0,0,1,0
629,196514,2.2,4,348.1,2022,7,11,2,1,0,0,0,0
630,340932,6.2,5,472.9,2020,5,20,2,0,0,0,1,0
631,201168,9.3,3,291.2,2020,10,20,2,0,0,1,0,0
632,270396,4.9,5,413.1,2022,2,1,2,1,0,0,0,0
633,243736,5.9,4,307.3,2022,3,6,2,0,0,0,1,0
634,364049,3.7,5,497.8,2022,4,6,2,0,0,1,0,0
635,59373,5.4,2,103.3,2022,2,16,1,0,0,0,1,0
636,74025,3.2,3,215.7,2022,2,15,0,0,0,1,0,0
637,428794,7.7,6,583.1,2022,9,30,2,0,0,1,0,0
638,143602,4.8,3,261.3,2020,11,24,2,0,1,0,0,0
639,48633,3.9,2,128.4,2020,6,25,1,0,1,0,0,0
640,276690,4.4,6,547.8,2021,8,4,2,0,0,0,0,1
641,209635,6.3,3,265.5,2020,5,28,2,0,0,0,1,0
642,347133,3.8,5,459.5,2021,4,29,2,0,0,0,1,0
643,82263,5.9,2,153.8,2021,8,26,1,0,0,0,1,0
644,211854,5.6,4,368.9,2020,8,31,2,1,0,0,0,0
645,461512,5.9,6,567.3,2021,11,11,2,0,0,0,1,0
646,142323,6.2,2,195.7,2021,4,20,2,0,0,1,0,0
647,240362,6.3,3,298.8,2020,4,28,2,0,0,0,1,0
648,316081,5.6,4,382.7,2021,4,20,2,0,0,0,1,0
649,401790,5.8,6,584.7,2021,1,2,2,0,0,1,0,0
650,33903,8.1,2,128.2,2020,7,14,0,0,1,0,0,0
651,168693,4.6,4,328.4,2022,7,13,2,1,0,0,0,0
652,206549,7.2,3,266.8,2021,11,1,2,0,0,0,1,0
653,131053,5.3,3,268.2,2021,7,2,2,0,1,0,0,0
654,310230,5.9,5,499.0,2022,4,24,2,1,0,0,0,0
655,216142,4.2,4,362.1,2021,5,4,2,1,0,0,0,0
656,60505,7.3,2,162.7,2020,10,13,1,0,1,0,0,0
657,54326,5.6,2,106.0,2021,12,14,1,0,0,1,0,0
658,168502,10.2,4,317.4,2022,2,23,2,1,0,0,0,0
659,87390,6.4,2,169.7,2021,11,11,1,0,0,1,0,0
660,118974,5.2,3,200.3,2020,11,13,1,0,0,0,1,0
661,356394,2.4,5,469.4,2022,2,20,2,0,0,1,0,0
662,232684,7.1,4,350.4,2020,10,30,2,0,0,1,0,0
663,347600,3.5,6,562.7,2020,11,5,2,1,0,0,0,0
664,146335,7.1,3,258.3,2020,3,4,2,1,0,0,0,0
665,171936,8.0,4,336.3,2020,7,30,2,0,1,0,0,0
666,165879,5.9,3,289.3,2020,11,30,2,1,0,0,0,0
667,69083,9.3,2,178.5,2020,7,5,0,0,0,0,1,0
668,26513,4.3,2,107.8,2021,7,23,0,0,1,0,0,0
669,338177,4.5,6,599.1,2022,8,19,2,0,0,0,0,1
670,142301,6.2,3,286.5,2021,6,9,2,0,1,0,0,0
671,246353,5.9,5,433.8,2021,12,7,2,1,0,0,0,0
672,397562,5.8,6,521.5,2022,10,14,2,0,0,0,1,0
673,63038,4.0,2,129.6,2020,6,8,1,1,0,0,0,0
674,250106,4.0,6,524.3,2021,3,2,2,0,1,0,0,0
675,220148,7.6,3,294.2,2021,5,28,2,0,0,1,0,0
676,255021,4.3,6,531.5,2021,9,8,2,0,1,0,0,0
677,57598,8.1,2,150.0,2021,10,6,1,0,1,0,0,0
678,85361,6.4,2,136.3,2020,12,11,1,0,0,0,1,0
679,75109,5.5,3,225.2,2021,12,28,0,0,0,1,0,0
680,171977,4.5,4,304.7,2021,2,11,2,1,0,0,0,0
681,384253,5.9,6,543.0,2020,8,12,2,0,0,1,0,0
682,395048,4.2,6,528.6,2022,11,14,2,0,0,1,0,0
683,174570,4.1,3,297.8,2021,4,4,2,1,0,0,0,0
684,71898,6.1,2,161.2,2020,11,15,1,0,0,0,0,1
685,210029,5.7,4,309.2,2022,5,18,2,0,0,1,0,0
686,49280,6.4,2,130.1,2022,7,27,1,0,1,0,0,0
687,315174,7.4,5,468.8,2021,11,12,2,0,0,1,0,0
688,175723,3.4,4,352.3,2022,8,2,2,0,1,0,0,0
689,113383,4.9,2,185.8,2022,2,5,2,1,0,0,0,0
690,144740,5.6,3,248.5,2022,9,17,2,1,0,0,0,0
691,293799,6.3,5,499.4,2021,3,17,2,1,0,0,0,0
692,146508,5.9,3,255.6,2020,3,15,2,1,0,0,0,0
693,30704,7.0,2,120.5,2020,2,27,0,0,1,0,0,0
694,421533,5.7,6,512.1,2022,3,23,2,0,0,0,1,0
695,235169,5.8,4,371.8,2022,3,16,2,0,0,1,0,0
696,79705,4.4,2,159.2,2021,11,19,1,0,0,1,0,0
697,291480,4.3,4,357.3,2020,5,13,2,0,0,0,1,0
698,216062,6.8,4,340.2,2020,7,26,2,1,0,0,0,0
699,294940,7.0,4,361.1,2020,12,3,2,0,0,0,1,0
700,173881,5.6,3,217.1,2021,11,17,2,0,0,0,1,0
701,165521,5.9,3,266.3,2022,9,28,2,1,0,0,0,0
702,73212,6.1,2,154.4,2022,12,26,1,1,0,0,0,0
703,504513,4.0,6,589.8,2022,3,15,2,0,0,0,1,0
704,211525,10.5,3,253.4,2021,11,28,2,0,0,0,1,0
705,202383,11.5,3,263.7,2021,3,29,2,0,0,1,0,0
706,237387,6.6,3,282.2,2020,2,11,2,0,0,0,1,0
707,457767,5.5,6,588.7,2021,9,12,2,0,0,0,1,0
708,283390,7.9,4,354.6,2021,7,19,2,0,0,0,1,0
709,469077,5.5,6,559.6,2021,3,25,2,0,0,0,1,0
710,279159,5.9,5,454.9,2021,5,17,2,1,0,0,0,0
711,215839,8.4,3,256.1,2020,9,15,2,0,0,0,1,0
712,283396,5.9,5,418.6,2021,11,13,2,0,0,1,0,0
713,399945,8.7,6,579.6,2020,1,9,2,0,0,1,0,0
714,243332,8.2,6,524.9,2021,11,10,2,0,1,0,0,0
715,88900,4.9,3,230.0,2020,8,6,1,0,1,0,0,0
716,324034,7.8,5,409.5,2022,3,27,2,0,0,0,1,0
717,300469,7.2,4,383.9,2021,11,17,2,0,0,0,1,0
718,195084,4.5,3,247.9,2022,9,30,2,0,0,1,0,0
719,142499,6.0,3,248.0,2021,8,21,2,1,0,0,0,0
720,277024,8.9,4,351.1,2021,1,27,2,0,0,0,1,0
721,292649,9.2,6,517.3,2020,7,24,2,1,0,0,0,0
722,161323,8.3,3,248.3,2020,12,6,2,0,0,1,0,0
723,353778,5.7,6,539.7,2021,7,21,2,0,0,1,0,0
724,442038,5.3,6,570.0,2021,6,27,2,0,0,0,1,0
725,276304,7.1,6,572.7,2022,9,2,2,0,1,0,0,0
726,73992,2.9,2,130.6,2020,1,13,1,0,0,0,1,0
727,50793,4.6,2,121.6,2021,8,27,1,1,0,0,0,0
728,358661,3.2,5,498.6,2021,11,30,2,0,0,1,0,0
729,422933,6.8,6,537.9,2020,3,3,2,0,0,0,1,0
730,103173,8.1,3,217.5,2021,8,3,1,0,0,1,0,0
731,324721,4.7,5,446.0,2022,12,17,2,0,0,1,0,0
732,205393,6.4,4,305.6,2021,5,29,2,0,0,1,0,0
733,301855,5.5,6,586.0,2020,11,21,2,0,1,0,0,0
734,360950,6.7,6,502.9,2021,8,30,2,0,0,1,0,0
735,83203,6.8,2,136.7,2020,11,29,1,0,0,0,1,0
736,252681,6.9,4,355.0,2021,9,1,2,0,0,1,0,0
737,58677,5.9,2,145.6,2020,12,11,0,0,0,0,1,0
738,368903,8.9,6,511.1,2020,1,9,2,0,0,1,0,0
739,183085,4.4,4,373.3,2020,3,9,2,0,1,0,0,0
740,278957,4.6,5,400.4,2020,4,3,2,0,0,1,0,0
741,288124,7.0,5,410.5,2020,9,4,2,0,0,1,0,0
742,291913,7.0,4,389.9,2022,1,19,2,0,0,1,0,0
743,193007,6.9,3,242.4,2020,7,23,2,0,0,0,1,0
744,66673,7.3,2,171.7,2022,7,24,0,0,0,0,1,0
745,315038,4.2,5,464.7,2021,2,16,2,0,0,0,0,1
746,70989,5.8,3,200.6,2022,9,3,0,0,0,1,0,0
747,254259,8.4,4,343.8,2022,3,21,2,0,0,0,0,1
748,349431,6.5,5,435.5,2022,5,18,2,0,0,0,1,0
749,50487,4.5,2,145.4,2021,5,14,0,0,0,1,0,0
750,179047,8.6,3,297.8,2022,10,30,2,1,0,0,0,0
751,368388,4.0,5,485.2,2021,12,22,2,0,0,0,1,0
752,141260,5.5,3,286.7,2022,9,2,2,0,1,0,0,0
753,82861,4.8,3,207.9,2020,7,29,0,0,0,0,1,0
754,261578,8.4,4,338.9,2021,5,12,2,0,0,0,1,0
755,261457,6.0,5,454.1,2020,3,23,2,1,0,0,0,0
756,314047,6.8,5,401.8,2021,10,27,2,0,0,0,1,0
757,51651,7.1,2,118.1,2022,12,15,1,1,0,0,0,0
758,64622,3.8,2,149.3,2022,12,14,1,1,0,0,0,0
759,182753,5.4,4,343.1,2021,4,21,2,0,1,0,0,0
760,222748,4.6,4,371.1,2020,6,25,2,1,0,0,0,0
761,297063,5.5,5,466.2,2022,5,24,2,1,0,0,0,0
762,316891,7.3,5,444.9,2021,6,12,2,0,0,0,1,0
763,109877,9.0,3,239.0,2021,9,5,2,0,1,0,0,0
764,295782,3.5,4,354.8,2020,7,16,2,0,0,0,1,0
765,203758,6.5,5,409.0,2021,2,26,2,0,1,0,0,0
766,40109,5.2,2,136.2,2020,11,6,0,1,0,0,0,0
767,401701,4.2,6,573.2,2020,11,21,2,0,0,1,0,0
768,175759,6.5,3,262.7,2020,3,27,2,0,0,1,0,0
769,412947,7.1,6,598.7,2021,4,18,2,0,0,1,0,0
770,132601,6.7,3,216.4,2022,5,10,2,1,0,0,0,0
771,63407,2.6,2,119.9,2021,5,21,1,0,0,1,0,0
772,61746,5.7,2,169.5,2021,2,3,0,0,0,1,0,0
773,310816,5.2,5,478.8,2022,9,22,2,0,0,1,0,0
774,190094,9.9,3,257.8,2022,6,22,2,0,0,1,0,0
775,395158,8.4,6,522.1,2021,8,7,2,0,0,1,0,0
776,224787,3.8,5,432.6,2021,1,31,2,0,1,0,0,0
777,299148,7.4,5,419.1,2022,3,20,2,0,0,1,0,0
778,242077,4.5,5,429.7,2020,7,29,2,1,0,0,0,0
779,72850,8.1,3,202.0,2022,11,18,0,0,0,1,0,0
780,201231,6.7,4,304.3,2020,8,17,2,0,0,1,0,0
781,409836,3.3,6,593.6,2021,7,23,2,0,0,1,0,0
782,227823,4.9,4,308.2,2022,5,17,2,0,0,0,1,0
783,46401,5.6,2,103.7,2021,12,3,1,1,0,0,0,0
784,342599,4.7,5,450.6,2021,6,13,2,0,0,0,1,0
785,473149,6.8,6,583.7,2022,4,23,2,0,0,0,1,0
786,168916,7.3,4,301.3,2020,7,23,2,1,0,0,0,0
787,209450,5.5,3,292.3,2020,9,8,2,0,0,1,0,0
788,117038,5.2,3,237.2,2022,2,27,1,0,0,1,0,0
789,69303,7.5,2,124.3,2022,10,2,1,0,0,1,0,0
790,397427,6.6,6,589.6,2021,12,6,2,1,0,0,0,0
791,202545,1.8,4,332.3,2022,2,16,2,1,0,0,0,0
792,259943,4.8,5,440.8,2020,1,5,2,1,0,0,0,0
793,283838,6.8,6,570.8,2020,9,7,2,0,1,0,0,0
794,433885,3.8,6,514.8,2021,10,3,2,0,0,0,1,0
795,312292,7.6,5,455.6,2020,10,31,2,0,0,1,0,0
796,372315,1.6,5,444.2,2022,11,12,2,0,0,0,1,0
797,240596,6.8,4,338.0,2021,6,12,2,0,0,1,0,0
798,223947,6.8,3,291.7,2021,6,1,2,0,0,0,0,1
799,189826,5.9,3,268.1,2021,8,6,2,0,0,1,0,0
800,300441,3.3,4,378.6,2022,4,21,2,0,0,0,1,0
801,282487,8.0,5,427.0,2020,6,11,2,0,0,1,0,0
802,145818,8.0,2,184.4,2022,4,14,2,0,0,0,1,0
803,198392,5.2,4,349.4,2022,1,1,2,1,0,0,0,0
804,369624,3.0,6,529.1,2022,5,10,2,0,0,1,0,0
805,97161,7.4,2,180.8,2021,8,24,1,0,0,1,0,0
806,291031,9.0,4,377.6,2021,9,23,2,0,0,0,1,0
807,157763,6.1,3,253.9,2021,4,12,2,1,0,0,0,0
808,71943,6.7,2,115.1,2021,5,11,1,0,0,0,1,0
809,342012,6.8,5,478.6,2022,1,19,2,0,0,0,1,0
810,334174,5.3,5,488.5,2022,12,16,2,0,0,1,0,0
811,243545,7.9,4,350.8,2021,3,24,2,0,0,1,0,0
812,178427,7.9,3,267.0,2022,3,15,2,0,0,1,0,0
813,99054,9.3,2,160.6,2020,6,10,1,0,0,0,1,0
814,364606,3.0,6,580.3,2021,4,8,2,1,0,0,0,0
815,106355,4.6,2,186.0,2021,5,11,1,0,0,0,1,0
816,241730,1.5,4,350.6,2021,1,19,2,0,0,1,0,0
817,164412,4.8,3,270.3,2021,11,10,2,1,0,0,0,0
818,328884,6.4,5,411.2,2022,7,13,2,0,0,0,1,0
819,307128,7.6,5,435.3,2020,6,23,2,0,0,1,0,0
820,369938,5.1,6,523.0,2021,12,25,2,0,0,1,0,0
821,219746,10.8,3,261.8,2021,7,14,2,0,0,0,1,0
822,242954,8.9,5,479.5,2021,9,9,2,0,1,0,0,0
823,327931,5.8,4,396.9,2021,11,19,2,0,0,0,1,0
824,219360,4.4,3,295.7,2021,5,25,2,0,0,0,1,0
825,395224,6.9,5,454.9,2020,11,29,2,0,0,0,1,0
826,195166,5.9,3,262.3,2020,1,7,2,0,0,1,0,0
827,269308,3.4,4,328.9,2021,10,2,2,0,0,0,1,0
828,42887,2.7,2,114.1,2021,10,9,0,0,0,0,1,0
829,169837,3.4,3,250.4,2021,6,23,2,0,0,1,0,0
830,257328,8.0,4,396.3,2020,11,2,2,0,0,1,0,0
831,378939,3.4,6,545.0,2020,11,30,2,0,0,1,0,0
832,295841,2.9,5,449.5,2021,9,22,2,0,0,1,0,0
833,69399,7.0,2,199.4,2020,8,1,0,0,0,1,0,0
834,217875,7.4,4,331.3,2022,3,24,2,0,0,1,0,0
835,247159,5.4,4,336.8,2021,12,19,2,0,0,0,1,0
836,335390,5.9,5,456.9,2021,2,1,2,0,0,1,0,0
837,311331,5.8,5,463.6,2021,7,20,2,0,0,1,0,0
838,251617,4.5,5,477.7,2020,1,9,2,0,1,0,0,0
839,204612,5.4,3,286.8,2022,6,27,2,0,0,1,0,0
840,205908,4.6,4,336.5,2021,12,23,2,1,0,0,0,0
841,294888,6.1,6,549.1,2020,3,3,2,0,1,0,0,0
842,259774,9.4,4,355.2,2020,9,4,2,0,0,1,0,0
843,293483,6.9,4,398.5,2020,10,26,2,0,0,1,0,0
844,92500,4.5,2,155.0,2020,4,24,1,0,0,0,0,1
845,381268,7.2,6,533.5,2022,11,3,2,0,0,1,0,0
846,66279,4.8,3,206.2,2020,7,8,0,1,0,0,0,0
847,125962,1.4,3,226.0,2020,8,18,1,0,0,1,0,0
848,218005,2.5,3,262.3,2020,11,15,2,0,0,0,1,0
849,110611,6.6,2,182.4,2020,3,21,1,0,0,0,1,0
850,419332,2.6,6,501.8,2021,10,19,2,0,0,0,1,0
851,85286,8.8,2,188.2,2021,7,30,2,0,1,0,0,0
852,81248,8.0,3,231.3,2022,11,20,0,0,0,1,0,0
853,233131,5.8,4,336.5,2020,4,12,2,0,0,1,0,0
854,343161,6.1,5,408.6,2021,8,31,2,0,0,0,1,0
855,170525,6.0,3,265.2,2020,8,4,2,0,0,1,0,0
856,237056,7.2,3,293.8,2020,11,13,2,0,0,0,1,0
857,83297,9.2,3,219.1,2021,1,28,0,0,0,0,1,0
858,105307,8.5,3,202.3,2022,5,16,1,0,0,1,0,0
859,62837,4.7,2,187.5,2021,7,7,0,0,0,1,0,0
860,206257,4.6,3,274.7,2021,5,21,2,0,0,1,0,0
861,214877,4.6,4,307.3,2022,4,19,2,0,0,1,0,0
862,77512,6.5,2,170.1,2020,6,18,1,1,0,0,0,0
863,118275,9.2,3,201.6,2021,10,7,1,0,0,0,1,0
864,89628,7.5,2,193.6,2022,3,28,1,1,0,0,0,0
865,280515,7.6,5,401.1,2021,8,11,2,0,0,1,0,0
866,71413,7.3,2,192.4,2021,3,15,1,0,1,0,0,0
867,304871,2.3,5,443.8,2020,5,13,2,0,0,1,0,0
868,172248,8.6,3,284.4,2020,5,17,2,1,0,0,0,0
869,254646,5.6,5,404.2,2022,4,13,2,1,0,0,0,0
870,315295,4.8,6,513.9,2022,10,27,2,1,0,0,0,0
871,170545,7.0,4,349.3,2020,6,4,2,0,1,0,0,0
872,76063,4.6,2,133.5,2022,5,14,1,0,0,0,1,0
873,231257,11.6,5,465.1,2021,2,4,2,0,1,0,0,0
874,381993,5.5,5,490.2,2020,6,8,2,0,0,1,0,0
875,212913,8.0,3,260.6,2020,6,19,2,0,0,0,1,0
876,315480,8.5,6,540.7,2021,10,26,2,1,0,0,0,0
877,90218,7.3,3,209.6,2020,1,30,1,1,0,0,0,0
878,55411,6.4,2,113.0,2021,9,12,1,0,0,0,0,1
879,191358,4.3,3,289.2,2021,12,22,2,0,0,1,0,0
880,224404,7.7,4,312.7,2020,1,23,2,0,0,1,0,0
881,179849,4.6,4,345.7,2020,7,22,2,0,1,0,0,0
882,196553,6.5,3,279.7,2020,3,6,2,0,0,1,0,0
883,132222,7.9,3,203.8,2020,8,6,1,0,0,0,1,0
884,155535,5.9,3,223.9,2020,3,1,2,0,0,1,0,0
885,417292,4.5,5,468.5,2020,5,31,2,0,0,0,0,1
886,402797,7.0,6,502.4,2020,2,3,2,0,0,0,1,0
887,245596,7.3,4,302.5,2022,5,20,2,0,0,0,0,1
888,182939,6.7,3,263.4,2022,7,29,2,0,0,1,0,0
889,282869,3.5,6,575.1,2020,11,29,2,0,1,0,0,0
890,78794,5.8,3,200.4,2020,7,22,1,0,1,0,0,0
891,295388,7.6,5,465.0,2022,4,28,2,1,0,0,0,0
892,261754,8.5,5,498.1,2022,4,7,2,0,1,0,0,0
893,32595,5.8,2,105.7,2021,11,15,0,1,0,0,0,0
894,395941,4.7,6,568.2,2020,8,22,2,0,0,1,0,0
895,56699,3.5,2,149.9,2022,1,29,0,0,0,0,1,0
896,46894,8.5,2,107.2,2022,2,6,1,1,0,0,0,0
897,69717,4.4,3,221.1,2020,7,22,0,1,0,0,0,0
898,332034,6.8,6,500.8,2020,10,31,2,0,0,1,0,0
899,191381,9.7,3,272.1,2022,11,25,2,0,0,1,0,0
900,325876,3.1,5,445.2,2022,10,8,2,0,0,1,0,0
901,327218,6.2,6,530.7,2021,12,12,2,1,0,0,0,0
902,218892,2.8,4,345.5,2020,5,31,2,0,0,1,0,0
903,220707,2.6,5,451.7,2022,6,26,2,0,1,0,0,0
904,82074,4.3,2,133.2,2022,10,16,1,0,0,0,0,1
905,201621,8.4,3,298.9,2020,1,3,2,0,0,1,0,0
906,372761,4.4,6,522.6,2022,3,8,2,0,0,0,1,0
907,268945,6.1,5,411.2,2020,3,1,2,0,0,1,0,0
908,404655,5.8,6,585.1,2022,12,24,2,0,0,1,0,0
909,343958,7.8,5,476.8,2022,3,6,2,0,0,1,0,0
910,71283,9.1,2,151.7,2022,11,14,1,0,0,1,0,0
911,64484,7.9,2,120.0,2021,10,13,1,0,0,1,0,0
912,82353,4.2,2,162.7,2022,10,8,1,0,0,1,0,0
913,285215,5.2,6,589.6,2021,2,3,2,0,1,0,0,0
914,54362,3.8,2,166.5,2021,6,24,0,1,0,0,0,0
915,212136,6.4,4,341.3,2020,12,15,2,1,0,0,0,0
916,219954,2.3,4,379.7,2021,6,26,2,1,0,0,0,0
917,128510,6.5,3,238.8,2020,5,14,1,0,0,1,0,0
918,130473,8.5,3,275.1,2020,11,14,2,0,1,0,0,0
919,275981,5.6,6,538.5,2022,2,19,2,0,1,0,0,0
920,386064,3.6,6,546.3,2021,9,1,2,0,0,1,0,0
921,115585,10.3,2,182.2,2021,12,11,2,0,0,1,0,0
922,52420,4.4,2,139.8,2020,10,25,0,0,0,0,1,0
923,290766,8.8,4,366.2,2021,10,28,2,0,0,0,1,0
924,448696,4.5,6,553.9,2020,8,11,2,0,0,0,1,0
925,235595,4.0,5,432.5,2020,10,21,2,0,1,0,0,0
926,122601,4.6,3,232.8,2021,6,4,2,0,1,0,0,0
927,98060,5.1,3,201.7,2020,1,31,1,0,0,1,0,0
928,252023,6.1,4,361.1,2022,11,19,2,0,0,1,0,0
929,132859,5.8,3,231.1,2021,6,9,2,1,0,0,0,0
930,262541,4.3,6,507.5,2022,4,22,2,0,1,0,0,0
931,45690,7.5,2,100.3,2022,11,15,1,1,0,0,0,0
932,99119,6.6,3,212.8,2021,10,24,1,1,0,0,0,0
933,322016,7.2,5,483.3,2022,6,19,2,0,0,1,0,0
934,60625,6.0,2,101.7,2022,9,5,1,0,0,0,1,0
935,76855,6.6,2,182.8,2022,8,29,0,0,0,0,1,0
936,332467,8.7,5,458.7,2020,4,28,2,0,0,1,0,0
937,220353,7.0,4,383.8,2021,12,23,2,1,0,0,0,0
938,51649,7.4,2,145.8,2020,1,28,1,0,1,0,0,0
939,370787,5.3,6,569.9,2020,8,16,2,0,0,1,0,0
940,45205,6.4,2,131.6,2021,7,16,0,0,0,1,0,0
941,283788,5.9,5,497.5,2022,11,10,2,1,0,0,0,0
942,457127,5.5,6,592.5,2020,10,6,2,0,0,0,1,0
943,244834,3.6,5,421.7,2021,9,20,2,1,0,0,0,0
944,218324,6.9,4,327.5,2021,9,29,2,0,0,1,0,0
945,243865,7.4,4,336.5,2021,10,4,2,0,0,1,0,0
946,245827,7.3,5,406.4,2022,8,6,2,1,0,0,0,0
947,193125,6.9,3,285.7,2020,12,30,2,0,0,1,0,0
948,236439,5.0,4,327.7,2022,2,20,2,0,0,1,0,0
949,350224,4.4,6,526.0,2022,9,14,2,0,0,1,0,0
950,130170,3.9,2,182.8,2020,3,1,2,0,0,1,0,0
951,67802,5.0,2,106.3,2020,8,12,1,0,0,0,1,0
952,387835,9.6,6,564.7,2020,10,9,2,0,0,1,0,0
953,229170,8.3,5,463.9,2022,5,11,2,0,1,0,0,0
954,274344,8.4,5,466.6,2020,6,14,2,1,0,0,0,0
955,432173,3.3,6,599.5,2020,3,5,2,0,0,1,0,0
956,80950,5.8,2,130.6,2021,12,27,1,0,0,0,1,0
957,135574,2.2,2,190.1,2020,9,24,2,0,0,1,0,0
958,300525,6.8,6,570.6,2022,10,22,2,0,1,0,0,0
959,209767,8.2,3,299.5,2020,11,4,2,0,0,1,0,0
960,250797,6.9,6,541.1,2020,11,12,2,0,1,0,0,0
961,289751,5.4,5,403.7,2022,4,5,2,0,0,1,0,0
962,173773,7.1,4,370.7,2022,12,24,2,0,1,0,0,0
963,188910,6.8,4,319.5,2022,7,4,2,1,0,0,0,0
964,292318,7.2,5,406.3,2020,5,12,2,0,0,0,0,1
965,237130,4.7,5,434.7,2022,9,8,2,1,0,0,0,0
966,299078,6.6,4,361.6,2022,12,24,2,0,0,0,1,0
967,89167,5.9,2,164.1,2022,11,11,1,0,0,1,0,0
968,122695,4.1,3,219.2,2022,5,8,1,0,0,1,0,0
969,210018,7.7,4,351.1,2021,6,19,2,1,0,0,0,0
970,384349,7.2,5,455.8,2021,7,14,2,0,0,0,1,0
971,371594,6.6,6,518.4,2021,5,30,2,0,0,1,0,0
972,310817,6.9,5,475.5,2021,7,30,2,1,0,0,0,0
973,61086,8.0,2,169.5,2021,7,1,0,0,0,1,0,0
974,84418,6.9,2,133.0,2020,7,20,1,0,0,0,1,0
975,463700,2.7,6,591.2,2020,7,16,2,0,0,0,1,0
976,267315,6.2,4,371.4,2022,5,25,2,0,0,1,0,0
977,246964,7.7,4,390.8,2022,9,4,2,0,0,1,0,0
978,181586,7.7,3,232.7,2021,12,4,2,0,0,0,1,0
979,270089,4.6,4,377.5,2022,9,16,2,0,0,1,0,0
980,194897,6.7,4,394.8,2021,7,24,2,0,1,0,0,0
981,334251,5.1,6,539.5,2020,12,12,2,0,0,0,0,1
982,224991,5.9,3,296.3,2021,4,24,2,0,0,1,0,0
983,67103,6.8,3,237.6,2020,11,4,0,1,0,0,0,0
984,216231,5.5,3,256.7,2021,4,3,2,0,0,0,1,0
985,320124,6.8,5,428.9,2020,9,27,2,0,0,0,1,0
986,64584,5.1,2,172.9,2021,1,7,1,0,1,0,0,0
987,385238,7.8,5,453.7,2021,5,27,2,0,0,0,1,0
988,248083,8.9,5,424.8,2022,10,23,2,1,0,0,0,0
989,225972,9.8,4,302.4,2021,7,12,2,0,0,1,0,0
990,199495,8.8,3,284.0,2021,5,11,2,0,0,1,0,0
991,75716,6.1,3,212.3,2020,3,1,1,0,1,0,0,0
992,97538,4.8,3,223.2,2020,8,20,1,1,0,0,0,0
993,129899,7.7,3,261.3,2021,6,29,2,0,1,0,0,0
994,409284,4.5,6,558.1,2021,9,7,2,0,0,1,0,0
995,265135,5.8,5,424.4,2020,6,23,2,1,0,0,0,0
996,252808,4.4,5,416.6,2020,1,5,2,1,0,0,0,0
997,99687,6.3,3,232.9,2020,4,12,1,1,0,0,0,0
998,87391,3.8,2,158.6,2022,4,6,1,0,0,0,0,1
999,366027,8.4,6,513.8,2020,1,31,2,0,0,1,0,0
1000,443580,2.2,6,575.8,2021,10,17,2,0,0,0,1,0
1001,54430,5.4,2,106.7,2022,8,2,1,0,0,1,0,0
1002,483527,4.4,6,592.5,2022,4,24,2,0,0,0,1,0
1003,180991,5.7,3,293.3,2020,6,19,2,1,0,0,0,0
1004,86553,9.1,2,138.9,2022,3,21,1,0,0,0,1,0
1005,346097,4.4,5,472.6,2022,5,20,2,0,0,1,0,0
1006,203695,5.1,4,316.9,2021,12,20,2,1,0,0,0,0
1007,333975,6.0,5,405.4,2020,1,20,2,0,0,0,1,0
1008,407825,6.0,5,497.1,2020,4,30,2,0,0,0,1,0
1009,283225,7.5,5,461.1,2022,1,10,2,1,0,0,0,0
1010,222156,6.8,3,277.5,2022,3,15,2,0,0,0,1,0
1011,314835,6.4,6,518.9,2021,5,1,2,1,0,0,0,0
1012,174921,4.3,3,286.8,2022,12,14,2,1,0,0,0,0
1013,454420,4.2,6,517.1,2021,5,16,2,0,0,0,1,0
1014,76795,5.0,2,140.6,2021,7,3,1,0,0,1,0,0
1015,213427,8.2,5,455.2,2021,8,26,2,0,1,0,0,0
1016,178195,6.5,3,281.5,2022,5,24,2,0,0,1,0,0
1017,212812,4.6,3,249.2,2020,9,8,2,0,0,0,1,0
1018,388118,7.3,5,467.5,2020,8,30,2,0,0,0,0,1
1019,138353,6.2,3,212.0,2022,1,29,1,0,0,0,1,0
1020,403940,5.7,6,526.3,2020,1,3,2,0,0,0,1,0
1021,80587,6.0,2,134.7,2020,10,11,1,0,0,0,1,0
1022,201839,7.2,3,257.8,2021,7,15,2,0,0,0,1,0
1023,213801,4.9,3,292.9,2021,11,19,2,0,0,1,0,0
1024,301698,6.2,5,444.2,2020,5,19,2,0,0,1,0,0
1025,301352,4.6,4,386.1,2022,6,15,2,0,0,1,0,0
1026,193803,8.5,3,268.2,2022,4,22,2,0,0,1,0,0
1027,138603,10.6,4,304.2,2021,11,3,2,0,1,0,0,0
1028,265863,2.4,5,470.3,2021,4,18,2,1,0,0,0,0
1029,214252,4.6,4,349.5,2020,5,28,2,1,0,0,0,0
1030,213061,6.2,4,373.3,2022,7,10,2,1,0,0,0,0
1031,322419,5.7,5,403.8,2020,1,20,2,0,0,0,1,0
1032,70157,3.8,2,196.1,2022,6,3,0,0,0,1,0,0
1033,354734,2.9,5,497.6,2022,5,8,2,0,0,1,0,0
1034,53281,5.0,2,136.7,2020,4,9,1,1,0,0,0,0
1035,239130,4.9,4,371.4,2021,11,14,2,1,0,0,0,0
1036,130772,7.6,3,207.9,2022,10,17,1,0,0,0,1,0
1037,359823,5.1,6,503.8,2022,4,18,2,0,0,1,0,0
1038,296112,4.9,5,470.6,2020,12,15,2,1,0,0,0,0
1039,303957,5.6,5,468.3,2020,7,26,2,1,0,0,0,0
1040,477670,5.0,6,575.5,2020,10,26,2,0,0,0,1,0
1041,176950,5.1,3,227.0,2020,10,3,2,0,0,0,1,0
1042,53754,4.9,2,177.3,2020,12,28,0,1,0,0,0,0
1043,417302,6.5,6,597.2,2022,2,12,2,0,0,1,0,0
1044,184344,5.2,3,292.9,2022,1,1,2,1,0,0,0,0
1045,193043,5.4,3,273.0,2021,9,29,2,0,0,1,0,0
1046,457198,5.1,6,554.9,2022,4,30,2,0,0,0,1,0
1047,417872,2.8,6,569.7,2020,10,3,2,0,0,0,1,0
1048,371174,5.5,5,442.1,2021,10,16,2,0,0,0,1,0
1049,55679,6.1,2,162.3,2021,12,3,0,0,0,1,0,0
1050,343058,3.9,6,508.2,2021,3,15,2,0,0,1,0,0
1051,245075,4.6,5,495.8,2022,4,22,2,0,1,0,0,0
1052,54524,8.5,2,155.0,2021,2,16,0,0,0,1,0,0
1053,317340,5.2,6,512.1,2021,8,31,2,1,0,0,0,0
1054,378315,4.4,6,571.1,2021,2,20,2,1,0,0,0,0
1055,91504,5.8,3,218.3,2022,4,13,1,1,0,0,0,0
1056,472319,3.0,6,568.1,2021,4,22,2,0,0,0,1,0
1057,94106,2.4,2,186.4,2021,2,13,1,1,0,0,0,0
1058,345766,5.5,5,479.0,2020,7,29,2,0,0,0,0,1
1059,215635,7.2,4,304.3,2020,1,10,2,0,0,0,1,0
1060,417387,7.0,6,537.2,2022,10,12,2,0,0,0,1,0
1061,341815,7.3,6,540.0,2022,12,8,2,0,0,0,0,1
1062,274460,5.9,4,353.1,2021,9,30,2,0,0,0,1,0
1063,173455,7.2,4,304.0,2020,10,26,2,1,0,0,0,0
1064,339267,2.2,6,561.6,2020,3,21,2,0,0,0,0,1
1065,471787,5.2,6,553.6,2021,9,14,2,0,0,0,1,0
1066,292090,7.8,5,489.4,2021,7,31,2,1,0,0,0,0
1067,211168,5.7,4,340.3,2021,5,29,2,1,0,0,0,0
1068,255234,4.3,4,361.3,2022,3,23,2,0,0,1,0,0
1069,179348,7.3,3,243.0,2022,12,6,2,0,0,1,0,0
1070,466304,5.9,6,578.5,2022,10,20,2,0,0,0,1,0
1071,258820,4.0,6,586.7,2021,3,8,2,0,1,0,0,0
1072,337815,4.9,6,505.0,2020,2,6,2,0,0,1,0,0
1073,398520,7.5,5,498.3,2022,1,10,2,0,0,0,1,0
1074,217070,6.3,4,360.8,2021,1,15,2,1,0,0,0,0
1075,146023,6.8,3,283.8,2020,11,9,2,0,1,0,0,0
1076,185748,4.4,4,305.7,2021,9,28,2,1,0,0,0,0
1077,455923,6.3,6,591.5,2020,2,22,2,0,0,0,1,0
1078,41402,5.0,2,102.0,2021,7,22,0,0,0,0,1,0
1079,437908,7.3,6,536.0,2021,3,1,2,0,0,0,1,0
1080,108871,2.9,2,191.4,2021,5,22,1,0,0,1,0,0
1081,294225,6.9,5,425.4,2022,7,17,2,0,0,1,0,0
1082,312148,8.3,5,428.6,2022,6,11,2,0,0,0,1,0
1083,246518,6.6,5,482.6,2020,4,17,2,0,1,0,0,0
1084,241834,8.5,5,423.0,2022,9,30,2,1,0,0,0,0
1085,486265,5.2,6,593.4,2022,4,18,2,0,0,0,1,0
1086,320010,6.7,5,456.3,2022,6,27,2,0,0,1,0,0
1087,344703,4.4,5,445.4,2020,1,14,2,0,0,0,1,0
1088,277294,9.5,5,412.8,2022,10,6,2,0,0,1,0,0
1089,111346,5.2,2,194.2,2021,2,23,1,0,0,0,1,0
1090,242347,6.9,5,485.5,2020,7,22,2,0,1,0,0,0
1091,29749,5.0,2,120.1,2022,9,28,0,0,1,0,0,0
1092,44366,8.0,2,119.0,2021,8,3,1,0,1,0,0,0
1093,415213,3.6,6,539.9,2022,4,9,2,0,0,0,1,0
1094,198120,5.7,3,257.5,2020,11,21,2,0,0,0,1,0
1095,55584,8.3,2,104.9,2021,1,2,1,0,0,1,0,0
1096,179509,5.3,3,288.5,2022,12,23,2,0,0,1,0,0
1097,463907,5.4,6,573.0,2020,9,17,2,0,0,0,1,0
1098,300849,4.7,5,493.0,2021,5,22,2,0,0,1,0,0
1099,216118,6.4,4,315.9,2020,8,6,2,0,0,1,0,0
1100,280519,8.4,4,388.9,2022,8,2,2,0,0,1,0,0
1101,29387,3.6,2,123.4,2021,11,17,0,0,1,0,0,0
1102,315619,6.2,5,435.6,2022,5,26,2,0,0,1,0,0
1103,111140,4.7,2,198.4,2020,7,3,1,0,0,1,0,0
1104,276131,6.5,4,356.6,2021,10,14,2,0,0,0,1,0
1105,254229,1.9,4,321.2,2020,9,7,2,0,0,0,1,0
1106,383896,7.0,6,574.7,2020,7,19,2,1,0,0,0,0
1107,55579,3.8,2,146.3,2020,4,30,1,0,1,0,0,0
1108,237106,7.6,5,413.6,2022,2,19,2,1,0,0,0,0
1109,203825,3.7,3,256.4,2022,11,3,2,0,0,0,1,0
1110,66572,7.6,2,134.6,2021,8,20,1,1,0,0,0,0
1111,179653,3.2,3,258.1,2022,7,20,2,0,0,1,0,0
1112,86839,6.4,2,173.0,2022,1,20,1,0,0,1,0,0
1113,47106,6.8,2,104.0,2021,4,14,1,1,0,0,0,0
1114,51634,7.3,2,113.2,2021,4,6,1,1,0,0,0,0
1115,37369,3.0,2,101.7,2022,7,3,0,0,0,1,0,0
1116,37360,6.1,2,107.4,2022,7,1,0,0,0,1,0,0
1117,235464,5.0,5,410.4,2022,11,29,2,1,0,0,0,0
1118,70371,7.2,2,133.3,2022,7,20,1,0,0,1,0,0
1119,52562,5.9,2,152.4,2022,10,21,0,0,0,1,0,0
1120,131551,3.6,3,215.3,2021,7,24,2,0,0,0,0,1
1121,143726,4.7,3,246.3,2021,7,29,2,1,0,0,0,0
1122,301040,7.3,5,446.2,2021,5,8,2,0,0,1,0,0
1123,195149,3.9,3,243.7,2020,4,11,2,0,0,0,1,0
1124,97706,9.3,3,234.8,2020,8,4,0,0,0,0,0,1
1125,245249,5.8,5,406.1,2021,7,12,2,1,0,0,0,0
1126,36466,4.6,2,144.9,2021,8,25,0,0,1,0,0,0
1127,218406,5.6,4,316.8,2021,5,31,2,0,0,1,0,0
1128,156297,4.3,3,273.2,2020,10,9,2,1,0,0,0,0
1129,204099,3.1,3,281.8,2021,9,20,2,0,0,0,1,0
1130,77186,3.3,3,225.2,2020,6,5,1,0,1,0,0,0
1131,378780,4.3,6,544.9,2020,5,23,2,0,0,1,0,0
1132,43333,6.0,2,114.4,2020,7,21,0,0,0,1,0,0
1133,56982,7.0,2,169.5,2022,8,11,0,0,0,1,0,0
1134,327338,4.8,4,359.4,2020,11,13,2,0,0,0,1,0
1135,339875,3.3,5,487.1,2021,1,12,2,0,0,1,0,0
1136,419727,4.5,6,526.9,2020,1,20,2,0,0,0,1,0
1137,79258,3.4,2,170.4,2020,6,28,1,1,0,0,0,0
1138,284763,7.2,6,578.6,2021,3,23,2,0,1,0,0,0
1139,312084,6.1,5,475.3,2020,3,19,2,0,0,1,0,0
1140,64402,8.4,2,170.0,2020,11,16,0,0,0,0,1,0
1141,243194,4.1,5,402.6,2020,4,14,2,1,0,0,0,0
1142,444934,6.6,6,591.0,2021,1,2,2,0,0,1,0,0
1143,294775,6.3,5,427.8,2021,11,15,2,0,0,1,0,0
1144,423537,9.7,6,579.8,2021,11,23,2,0,0,1,0,0
1145,370200,5.4,6,551.0,2020,2,19,2,0,0,1,0,0
1146,304340,4.7,5,415.5,2021,3,11,2,0,0,1,0,0
1147,415688,6.2,6,530.9,2022,9,28,2,0,0,0,1,0
1148,263986,4.1,4,367.0,2020,3,12,2,0,0,1,0,0
1149,281619,9.3,5,451.5,2021,10,10,2,1,0,0,0,0
1150,258261,4.6,4,361.1,2021,6,28,2,0,0,1,0,0
1151,267229,7.1,4,335.1,2020,7,10,2,0,0,0,1,0
1152,234881,5.3,4,338.5,2022,2,8,2,0,0,1,0,0
1153,294418,1.8,6,514.5,2021,9,17,2,1,0,0,0,0
1154,319656,5.4,5,441.4,2020,5,16,2,0,0,1,0,0
1155,53965,5.9,2,111.2,2021,8,8,1,0,0,1,0,0
1156,232730,7.2,3,277.2,2022,12,24,2,0,0,0,1,0
1157,46673,6.7,2,101.0,2020,2,29,1,0,0,1,0,0
1158,261715,3.2,6,552.1,2020,2,22,2,0,0,0,0,1
1159,87509,5.6,2,144.1,2020,12,29,1,0,0,0,1,0
1160,247106,4.6,4,383.0,2022,1,4,2,0,0,1,0,0
1161,69817,2.7,3,223.2,2020,10,24,0,0,0,0,0,1
1162,168742,3.1,4,313.7,2022,4,29,2,1,0,0,0,0
1163,245127,5.0,4,357.2,2020,9,4,2,0,0,1,0,0
1164,278129,3.4,4,342.9,2021,4,17,2,0,0,0,1,0
1165,94069,6.5,3,234.1,2020,2,27,0,0,0,0,1,0
1166,142790,3.5,3,241.6,2021,7,24,2,1,0,0,0,0
1167,338763,7.3,6,528.4,2022,6,13,2,0,0,1,0,0
1168,75658,7.2,3,228.1,2021,4,5,0,0,0,0,0,1
1169,308984,6.5,5,433.9,2020,1,9,2,0,0,1,0,0
1170,65893,4.8,2,104.4,2020,12,6,1,0,0,0,1,0
1171,375200,10.8,5,448.3,2020,6,23,2,0,0,0,1,0
1172,242746,5.0,5,487.1,2022,7,4,2,0,1,0,0,0
1173,86846,2.3,3,222.3,2020,9,7,0,0,0,0,1,0
1174,206289,6.2,3,291.5,2022,3,2,2,0,0,1,0,0
1175,236010,5.5,4,333.9,2022,9,24,2,0,0,1,0,0
1176,400698,6.5,6,574.9,2022,3,13,2,0,0,1,0,0
1177,71488,7.3,2,162.1,2020,5,13,1,1,0,0,0,0
1178,111107,3.5,3,220.8,2022,10,31,2,0,0,0,0,1
1179,285120,2.7,5,486.7,2022,7,18,2,1,0,0,0,0
1180,83181,2.3,2,130.7,2022,6,1,1,0,0,0,0,1
1181,89203,8.2,3,211.2,2020,10,3,1,1,0,0,0,0
1182,312075,4.3,5,492.3,2021,2,25,2,1,0,0,0,0
1183,46583,5.1,2,132.6,2022,1,1,1,0,1,0,0,0
1184,375268,9.5,6,566.2,2020,5,20,2,0,0,1,0,0
1185,203360,7.5,3,299.1,2021,9,10,2,0,0,0,0,1
1186,88707,2.5,2,157.0,2022,6,14,1,0,0,0,0,1
1187,59911,1.9,2,171.5,2022,11,12,0,0,0,1,0,0
1188,398613,8.0,6,550.8,2020,8,2,2,0,0,1,0,0
1189,164661,8.8,4,328.9,2021,3,17,2,0,1,0,0,0
1190,88477,6.5,3,224.3,2020,9,24,0,0,0,0,1,0
1191,301959,5.2,6,512.8,2020,2,4,2,1,0,0,0,0
1192,125395,6.6,2,185.0,2022,4,4,2,0,0,1,0,0
1193,204365,8.8,3,288.2,2022,5,29,2,0,0,1,0,0
1194,379336,5.9,6,594.9,2021,6,24,2,1,0,0,0,0
1195,231467,4.9,5,495.8,2021,1,31,2,0,1,0,0,0
1196,89209,3.8,3,206.1,2021,2,25,1,1,0,0,0,0
1197,255845,5.0,4,371.8,2022,8,25,2,0,0,1,0,0
1198,124484,5.2,3,232.6,2022,12,1,1,0,0,1,0,0
1199,347671,4.9,5,489.1,2021,6,3,2,0,0,1,0,0
1200,379867,5.7,6,598.6,2022,1,16,2,1,0,0,0,0
1201,210926,3.3,3,246.5,2021,1,10,2,0,0,0,0,1
1202,416333,8.7,6,583.2,2021,9,5,2,0,0,1,0,0
1203,324966,5.3,6,596.6,2021,10,3,2,1,0,0,0,0
1204,87689,7.9,2,183.5,2020,6,25,1,0,0,1,0,0
1205,246773,9.8,4,378.9,2021,12,10,2,0,0,0,0,1
1206,155159,6.5,3,269.4,2021,5,29,2,1,0,0,0,0
1207,186607,5.7,4,312.5,2020,9,8,2,1,0,0,0,0
1208,282277,6.8,4,388.0,2021,1,4,2,0,0,1,0,0
1209,27902,7.7,2,117.6,2021,2,19,0,0,1,0,0,0
1210,206908,6.3,4,304.4,2021,6,11,2,0,0,0,1,0
1211,219753,0.6,5,461.1,2021,8,18,2,0,1,0,0,0
1212,290457,7.3,6,543.3,2021,12,29,2,1,0,0,0,0
1213,373177,5.8,6,544.7,2022,10,25,2,0,0,1,0,0
1214,261680,3.8,6,537.7,2020,7,19,2,0,1,0,0,0
1215,213912,3.9,4,359.4,2020,3,9,2,1,0,0,0,0
1216,398888,2.0,5,482.1,2021,12,17,2,0,0,0,1,0
1217,231873,5.8,4,332.0,2020,7,7,2,0,0,1,0,0
1218,170092,4.5,3,281.6,2022,12,21,2,1,0,0,0,0
1219,247907,5.9,5,403.7,2022,5,6,2,1,0,0,0,0
1220,51187,4.9,2,122.8,2020,11,8,0,0,0,0,1,0
1221,226629,7.7,3,292.2,2021,6,6,2,0,0,0,1,0
1222,221271,3.9,4,312.1,2021,10,23,2,0,0,1,0,0
1223,230186,4.6,4,327.7,2022,7,14,2,0,0,1,0,0
1224,76676,11.3,3,214.3,2021,4,3,0,0,0,1,0,0
1225,404199,8.9,6,549.0,2022,12,26,2,0,0,1,0,0
1226,280667,7.0,4,391.3,2020,4,16,2,0,0,1,0,0
1227,56726,3.2,2,125.9,2020,12,28,1,1,0,0,0,0
1228,351935,6.2,5,493.5,2022,6,26,2,0,0,0,0,1
1229,233671,4.6,4,394.5,2020,2,26,2,1,0,0,0,0
1230,241756,4.9,4,370.1,2020,8,31,2,0,0,1,0,0
1231,60548,5.4,2,186.6,2020,4,20,0,0,0,1,0,0
1232,258938,7.9,4,333.7,2021,9,23,2,0,0,0,1,0
1233,198199,7.6,4,327.2,2020,2,29,2,1,0,0,0,0
1234,92779,11.7,3,205.2,2021,9,27,1,1,0,0,0,0
1235,216018,3.1,4,311.0,2021,1,17,2,0,0,0,0,1
1236,329695,10.4,5,423.8,2020,7,15,2,0,0,0,1,0
1237,438626,3.4,6,521.8,2022,1,27,2,0,0,0,1,0
1238,275575,5.7,4,348.6,2022,8,4,2,0,0,0,1,0
1239,171912,8.6,4,350.0,2021,1,6,2,0,1,0,0,0
1240,305955,4.1,5,492.3,2022,8,18,2,1,0,0,0,0
1241,83679,6.5,2,175.7,2022,7,16,1,0,0,1,0,0
1242,252055,9.5,6,533.5,2022,12,29,2,0,1,0,0,0
1243,70882,4.8,3,204.5,2020,11,17,0,0,0,1,0,0
1244,284903,7.8,5,421.5,2022,4,10,2,0,0,1,0,0
1245,343381,6.3,5,478.0,2021,6,1,2,0,0,1,0,0
1246,159340,7.0,4,324.9,2020,9,16,2,0,1,0,0,0
1247,86335,5.9,2,173.8,2020,5,8,1,0,0,1,0,0
1248,34162,6.5,2,113.7,2021,4,9,0,1,0,0,0,0
1249,279547,7.7,4,390.2,2021,12,9,2,0,0,1,0,0
1250,201932,2.2,3,294.3,2021,4,24,2,0,0,1,0,0
1251,46274,7.7,2,149.6,2022,8,28,0,1,0,0,0,0
1252,227289,7.6,4,394.4,2021,11,3,2,1,0,0,0,0
1253,154440,5.8,3,274.5,2022,9,5,2,1,0,0,0,0
1254,332904,2.9,6,524.1,2020,1,5,2,1,0,0,0,0
1255,73750,3.2,3,209.9,2020,6,25,0,0,0,1,0,0
1256,321102,4.0,4,389.5,2020,3,16,2,0,0,0,1,0
1257,210881,2.6,4,359.7,2022,6,14,2,0,0,0,0,1
1258,341904,8.9,5,408.3,2022,3,7,2,0,0,0,1,0
1259,326559,3.3,5,470.1,2022,3,28,2,0,0,1,0,0
1260,286507,6.5,6,550.7,2021,3,20,2,0,1,0,0,0
1261,423804,2.6,6,598.2,2020,1,12,2,0,0,1,0,0
1262,74283,4.7,3,232.5,2022,4,12,0,1,0,0,0,0
1263,245060,5.7,3,282.1,2021,1,11,2,0,0,0,1,0
1264,277188,3.6,4,360.0,2021,10,9,2,0,0,1,0,0
1265,254071,5.9,4,312.4,2020,7,16,2,0,0,0,1,0
1266,409704,6.4,6,502.9,2021,11,14,2,0,0,0,1,0
1267,46828,8.8,2,191.8,2022,11,1,0,0,1,0,0,0
1268,285237,5.6,6,554.9,2022,9,13,2,0,1,0,0,0
1269,365574,3.4,6,556.6,2022,11,22,2,0,0,0,0,1
1270,250883,8.2,4,321.2,2020,1,9,2,0,0,1,0,0
1271,70406,7.2,2,182.2,2022,6,30,1,0,1,0,0,0
1272,152657,7.3,3,298.0,2020,11,26,2,0,0,0,0,1
1273,262254,6.0,4,314.8,2020,5,20,2,0,0,0,1,0
1274,97239,9.0,3,234.8,2022,5,30,0,0,0,0,1,0
1275,180414,3.4,3,272.3,2022,8,2,2,1,0,0,0,0
1276,282662,2.4,5,482.4,2020,8,15,2,1,0,0,0,0
1277,312925,6.5,5,495.4,2020,1,20,2,1,0,0,0,0
1278,249832,2.8,5,441.4,2021,2,24,2,1,0,0,0,0
1279,369606,7.5,6,540.3,2022,7,28,2,0,0,1,0,0
1280,45988,9.4,2,116.6,2022,7,8,0,0,0,0,0,1
1281,303749,5.7,5,424.8,2020,6,27,2,0,0,1,0,0
1282,331152,7.8,5,414.0,2020,7,15,2,0,0,0,1,0
1283,197702,7.0,4,302.0,2020,6,23,2,0,0,1,0,0
1284,251465,6.2,4,324.8,2020,1,19,2,0,0,0,1,0
1285,464356,4.7,6,570.8,2020,12,29,2,0,0,0,1,0
1286,314959,6.9,6,545.3,2021,11,10,2,1,0,0,0,0
1287,423790,9.2,6,556.6,2021,4,8,2,0,0,0,1,0
1288,241080,3.8,5,486.0,2021,8,17,2,0,1,0,0,0
1289,239102,3.6,4,332.7,2021,11,18,2,0,0,1,0,0
1290,331013,6.9,6,510.2,2021,6,30,2,0,0,1,0,0
1291,287810,6.9,4,389.1,2020,12,15,2,0,0,1,0,0
1292,399148,4.2,5,455.2,2020,8,11,2,0,0,0,1,0
1293,284099,5.4,5,411.7,2022,10,26,2,0,0,1,0,0
1294,326659,7.8,5,453.3,2021,9,21,2,0,0,1,0,0
1295,487870,6.9,6,561.1,2021,1,18,2,0,0,0,1,0
1296,89160,4.1,3,240.0,2022,9,18,0,0,0,0,1,0
1297,287850,9.0,5,464.7,2022,11,15,2,0,0,1,0,0
1298,251620,3.7,4,305.0,2020,11,14,2,0,0,0,1,0
1299,253884,5.0,4,353.9,2020,7,25,2,0,0,1,0,0
1300,179692,7.5,4,370.7,2020,1,26,2,0,1,0,0,0
1301,107651,4.6,2,174.4,2021,9,22,1,0,0,0,1,0
1302,44035,4.6,2,137.7,2021,12,25,0,1,0,0,0,0
1303,42598,6.9,2,118.4,2021,1,11,0,0,0,1,0,0
1304,457596,9.3,6,576.3,2022,10,25,2,0,0,0,1,0
1305,246691,6.9,4,331.4,2021,10,22,2,0,0,0,1,0
1306,229350,7.3,4,398.9,2020,8,13,2,1,0,0,0,0
1307,254541,6.8,4,306.4,2022,1,31,2,0,0,0,1,0
1308,67388,6.7,2,121.9,2021,8,27,1,0,0,1,0,0
1309,61178,5.7,2,125.1,2022,10,18,1,0,0,1,0,0
1310,472798,6.6,6,585.2,2021,11,5,2,0,0,0,1,0
1311,359793,3.0,6,583.5,2020,12,15,2,1,0,0,0,0
1312,310380,5.3,5,421.9,2021,12,31,2,0,0,1,0,0
1313,214140,7.4,3,248.4,2020,7,6,2,0,0,0,1,0
1314,275702,5.0,5,454.2,2022,9,16,2,1,0,0,0,0
1315,246349,5.3,5,415.1,2022,3,16,2,1,0,0,0,0
1316,449336,7.1,6,599.0,2022,9,8,2,0,0,0,1,0
1317,129812,7.1,3,277.8,2022,5,14,2,0,1,0,0,0
1318,415694,8.4,6,571.9,2022,2,5,2,0,0,1,0,0
1319,89365,5.7,2,167.2,2022,11,29,1,0,0,1,0,0
1320,116552,11.8,3,227.8,2020,6,15,1,0,0,1,0,0
1321,114727,1.7,3,209.7,2022,2,22,1,0,0,0,1,0
1322,171043,3.5,3,241.5,2021,11,14,2,0,0,1,0,0
1323,220595,2.5,3,299.2,2022,9,24,2,0,0,1,0,0
1324,282206,6.4,5,406.5,2022,8,30,2,0,0,1,0,0
1325,448512,4.6,6,569.8,2022,10,1,2,0,0,0,1,0
1326,390983,3.6,6,522.2,2020,3,21,2,0,0,0,0,1
1327,370456,5.7,6,588.1,2021,3,2,2,1,0,0,0,0
1328,315898,3.5,6,532.6,2020,11,22,2,1,0,0,0,0
1329,406686,8.3,6,523.9,2022,5,23,2,0,0,0,1,0
1330,209335,5.2,4,350.0,2022,4,19,2,1,0,0,0,0
1331,323755,3.7,5,414.3,2020,12,13,2,0,0,0,1,0
1332,203117,4.8,4,318.3,2020,8,18,2,1,0,0,0,0
1333,384130,6.4,6,526.8,2022,8,31,2,0,0,1,0,0
1334,262497,7.9,4,371.4,2020,1,20,2,0,0,1,0,0
1335,354953,6.3,5,491.9,2021,5,26,2,0,0,0,0,1
1336,416775,2.4,5,488.1,2020,8,9,2,0,0,0,1,0
1337,120459,8.7,3,239.2,2022,2,17,1,0,0,1,0,0
1338,302106,7.7,5,412.7,2020,9,14,2,0,0,1,0,0
1339,200253,5.4,3,270.7,2020,8,30,2,0,0,0,0,1
1340,394223,6.3,6,598.4,2020,5,12,2,1,0,0,0,0
1341,241750,6.5,5,402.4,2022,7,27,2,1,0,0,0,0
1342,145226,7.1,4,322.4,2021,11,26,2,0,1,0,0,0
1343,55789,4.6,2,116.5,2021,7,13,1,1,0,0,0,0
1344,275148,6.1,6,510.6,2020,1,16,2,0,1,0,0,0
1345,209861,4.0,3,287.9,2021,5,2,2,0,0,1,0,0
1346,66272,8.4,2,174.5,2020,12,31,0,0,0,0,1,0
1347,76998,7.7,3,208.3,2022,1,10,0,0,0,1,0,0
1348,352449,6.9,6,562.4,2021,11,20,2,1,0,0,0,0
1349,74700,4.7,2,172.8,2020,5,2,1,1,0,0,0,0
1350,60350,6.9,2,113.7,2020,3,18,1,0,0,1,0,0
1351,60213,6.5,2,106.0,2022,8,22,1,0,0,0,1,0
1352,364906,6.5,6,528.0,2022,1,24,2,0,0,1,0,0
1353,58051,5.4,2,123.5,2022,12,12,1,1,0,0,0,0
1354,221941,5.2,3,287.2,2021,9,16,2,0,0,0,1,0
1355,335588,6.8,6,551.2,2020,8,24,2,1,0,0,0,0
1356,177220,3.4,4,349.3,2020,2,28,2,0,1,0,0,0
1357,249923,4.2,4,307.1,2022,5,4,2,0,0,0,1,0
1358,231562,4.9,4,373.1,2021,10,25,2,1,0,0,0,0
1359,58922,4.2,2,136.0,2020,3,1,1,1,0,0,0,0
1360,358828,4.4,6,513.0,2020,11,1,2,0,0,1,0,0
1361,250580,6.3,5,409.4,2022,8,24,2,1,0,0,0,0
1362,405419,6.2,6,577.3,2021,11,27,2,0,0,1,0,0
1363,437068,5.6,5,475.7,2022,10,13,2,0,0,0,1,0
1364,428646,3.9,6,579.4,2021,9,5,2,0,0,0,1,0
1365,54959,6.1,2,136.4,2022,4,28,0,0,0,0,1,0
1366,95010,5.8,2,175.3,2020,4,19,1,0,0,1,0,0
1367,57317,7.6,2,135.6,2020,3,6,0,0,0,0,1,0
1368,408034,4.1,6,531.9,2020,1,26,2,0,0,1,0,0
1369,493093,4.3,6,583.4,2020,5,6,2,0,0,0,1,0
1370,55256,5.3,2,117.2,2021,11,23,1,1,0,0,0,0
1371,201349,9.0,4,310.9,2020,2,26,2,0,0,1,0,0
1372,81989,3.1,2,175.0,2020,2,21,1,1,0,0,0,0
1373,330710,7.0,5,464.6,2022,8,1,2,0,0,1,0,0
1374,374648,3.9,5,469.5,2021,5,28,2,0,0,0,1,0
1375,209144,1.1,4,326.6,2021,7,27,2,1,0,0,0,0
1376,453651,5.3,6,595.6,2020,9,24,2,0,0,0,1,0
1377,226280,3.2,4,335.6,2022,2,8,2,0,0,1,0,0
1378,284961,3.5,4,393.2,2021,2,2,2,0,0,1,0,0
1379,147028,4.9,3,208.2,2021,2,28,2,0,0,1,0,0
1380,247921,9.1,5,405.5,2021,3,13,2,1,0,0,0,0
1381,80275,4.1,2,141.8,2020,9,13,1,0,0,1,0,0
1382,329420,7.9,5,472.2,2022,12,21,2,0,0,1,0,0
1383,302554,5.0,5,448.7,2022,6,24,2,0,0,1,0,0
1384,325426,8.5,5,450.0,2022,12,26,2,0,0,1,0,0
1385,325309,5.7,5,496.5,2021,2,27,2,0,0,1,0,0
1386,49191,8.9,2,103.5,2021,8,21,1,0,0,1,0,0
1387,291828,3.6,4,399.9,2020,4,21,2,0,0,1,0,0
1388,204897,5.0,3,292.5,2021,3,20,2,0,0,1,0,0
1389,38223,3.6,2,106.1,2021,8,15,0,0,0,1,0,0
1390,252737,7.5,4,310.4,2022,5,28,2,0,0,0,1,0
1391,85885,6.7,2,172.7,2020,7,11,1,0,0,1,0,0
1392,283897,5.0,6,518.9,2020,7,28,2,1,0,0,0,0
1393,321064,8.2,5,448.9,2020,6,19,2,0,0,1,0,0
1394,206366,6.6,4,325.3,2021,9,4,2,1,0,0,0,0
1395,175498,10.0,4,350.5,2020,5,28,2,0,1,0,0,0
1396,348579,7.1,5,496.2,2022,11,6,2,0,0,1,0,0
1397,320767,8.1,6,535.2,2022,9,29,2,1,0,0,0,0
1398,68947,6.5,2,181.7,2021,1,1,1,0,1,0,0,0
1399,61095,5.9,2,115.8,2020,11,18,1,0,0,1,0,0
1400,67445,2.2,2,108.1,2020,6,13,1,0,0,0,1,0
1401,285350,5.0,5,408.2,2020,2,9,2,0,0,1,0,0
1402,332813,6.3,6,552.8,2020,10,17,2,1,0,0,0,0
1403,386810,3.7,6,540.3,2020,7,23,2,0,0,1,0,0
1404,416637,8.9,6,591.0,2022,8,20,2,0,0,1,0,0
1405,281211,9.5,5,485.9,2020,3,26,2,1,0,0,0,0
1406,305999,7.2,4,364.9,2021,7,15,2,0,0,0,1,0
1407,233111,5.9,5,438.0,2020,10,24,2,0,1,0,0,0
1408,165772,5.8,4,304.0,2021,7,9,2,0,1,0,0,0
1409,36456,4.4,2,133.1,2021,10,10,0,1,0,0,0,0
1410,442733,6.4,6,552.1,2020,4,7,2,0,0,0,1,0
1411,345394,4.3,6,595.4,2022,4,14,2,1,0,0,0,0
1412,346208,5.0,6,562.2,2022,8,18,2,1,0,0,0,0
1413,245611,2.7,4,325.3,2021,3,9,2,0,0,0,1,0
1414,170290,4.6,4,376.5,2020,4,30,2,0,0,0,0,1
1415,203791,5.0,3,271.9,2022,3,18,2,0,0,1,0,0
1416,280949,3.7,4,353.9,2022,3,18,2,0,0,0,1,0
1417,98219,5.8,3,204.7,2022,1,27,1,1,0,0,0,0
1418,168615,7.8,3,272.9,2020,9,26,2,1,0,0,0,0
1419,233756,5.9,6,513.9,2020,9,12,2,0,1,0,0,0
1420,206819,1.3,3,268.5,2021,8,30,2,0,0,0,1,0
1421,406906,5.5,6,565.6,2020,6,4,2,0,0,1,0,0
1422,82488,4.3,2,156.3,2021,5,8,1,0,0,1,0,0
1423,193858,6.3,4,307.5,2021,11,18,2,0,0,1,0,0
1424,269966,4.0,5,420.8,2022,10,22,2,0,0,1,0,0
1425,319962,2.7,4,393.4,2022,3,17,2,0,0,0,1,0
1426,421254,7.9,5,499.0,2020,3,7,2,0,0,0,1,0
1427,203069,1.7,5,437.5,2021,11,14,2,0,1,0,0,0
1428,253487,7.3,6,526.9,2022,6,16,2,0,1,0,0,0
1429,322872,3.1,5,452.7,2020,11,25,2,0,0,1,0,0
1430,278037,7.7,4,394.2,2021,11,1,2,0,0,1,0,0
1431,206878,8.6,4,390.9,2021,8,14,2,0,1,0,0,0
1432,190333,1.0,3,261.3,2021,8,11,2,0,0,1,0,0
1433,60819,1.8,2,107.4,2022,11,27,1,0,0,0,1,0
1434,415206,7.2,6,550.1,2020,7,1,2,0,0,0,1,0
1435,207444,4.4,4,320.1,2020,1,10,2,1,0,0,0,0
1436,399131,9.5,5,488.8,2021,7,2,2,0,0,0,1,0
1437,328729,3.5,5,450.7,2022,6,22,2,0,0,1,0,0
1438,389975,6.8,6,590.9,2021,4,29,2,0,0,1,0,0
1439,215576,8.1,5,446.7,2021,7,24,2,0,1,0,0,0
1440,48745,5.7,2,135.9,2021,9,21,1,0,1,0,0,0
1441,201135,6.4,4,331.4,2022,1,24,2,1,0,0,0,0
1442,199518,4.3,5,402.1,2020,10,14,2,0,1,0,0,0
1443,212402,10.9,3,280.3,2022,5,25,2,0,0,0,1,0
1444,115929,1.9,2,182.1,2022,10,4,1,0,0,0,1,0
1445,252543,6.8,5,427.0,2021,8,15,2,1,0,0,0,0
1446,338942,4.4,6,511.9,2020,9,8,2,1,0,0,0,0
1447,416639,8.8,6,505.2,2022,12,24,2,0,0,0,0,1
1448,313655,6.1,5,476.5,2021,4,15,2,0,0,1,0,0
1449,288925,0.8,4,347.4,2021,7,7,2,0,0,0,1,0
1450,209116,6.0,4,341.8,2021,3,9,2,1,0,0,0,0
1451,370352,7.6,6,599.4,2020,9,5,2,1,0,0,0,0
1452,273661,4.1,5,476.9,2022,8,22,2,1,0,0,0,0
1453,366141,3.9,6,600.0,2020,7,5,2,0,0,1,0,0
1454,193984,4.7,4,383.2,2022,4,15,2,0,1,0,0,0
1455,31437,9.0,2,102.4,2020,9,18,0,1,0,0,0,0
1456,105259,4.2,3,220.4,2022,8,22,2,0,1,0,0,0
1457,174896,5.0,3,242.9,2022,2,16,2,0,0,1,0,0
1458,426712,5.5,6,534.5,2021,3,14,2,0,0,0,1,0
1459,198761,6.9,3,270.6,2020,1,19,2,0,0,1,0,0
1460,50500,6.4,2,138.9,2020,8,21,1,0,0,0,0,1
1461,368647,4.6,6,510.8,2020,8,27,2,0,0,1,0,0
1462,197745,6.1,4,315.9,2020,11,10,2,1,0,0,0,0
1463,329353,5.8,5,422.9,2021,6,5,2,0,0,0,1,0
1464,170773,3.7,3,256.0,2022,6,17,2,0,0,1,0,0
1465,256015,2.1,5,428.7,2022,9,23,2,1,0,0,0,0
1466,95600,7.4,3,223.6,2022,4,8,0,0,0,0,1,0
1467,73454,7.3,2,192.4,2020,8,27,1,0,1,0,0,0
1468,329269,7.4,6,588.7,2021,2,14,2,1,0,0,0,0
1469,48872,5.5,2,108.7,2021,4,6,1,1,0,0,0,0
1470,73807,4.6,2,147.5,2022,4,23,1,0,0,1,0,0
1471,72877,7.0,2,159.3,2020,10,21,1,1,0,0,0,0
1472,412432,5.9,6,554.9,2021,4,17,2,0,0,0,1,0
1473,315738,2.7,5,435.9,2020,10,21,2,0,0,1,0,0
1474,317415,5.6,5,425.5,2020,9,29,2,0,0,1,0,0
1475,65164,6.5,2,164.4,2020,5,9,0,0,0,0,1,0
1476,377613,3.1,6,569.0,2022,9,4,2,0,0,1,0,0
1477,146513,8.4,2,194.1,2020,9,10,2,0,0,0,1,0
1478,250696,4.8,4,320.7,2020,1,26,2,0,0,0,1,0
1479,308470,9.5,6,516.2,2021,3,8,2,1,0,0,0,0
1480,339950,6.4,6,575.3,2021,2,13,2,1,0,0,0,0
1481,197975,5.7,3,290.3,2021,7,13,2,0,0,1,0,0
1482,281254,6.0,4,399.5,2021,2,7,2,0,0,1,0,0
1483,304952,4.6,5,431.5,2020,12,25,2,0,0,1,0,0
1484,229839,8.7,4,341.6,2020,9,30,2,0,0,0,0,1
1485,382711,6.7,6,551.5,2020,12,28,2,0,0,1,0,0
1486,324161,5.9,4,385.1,2020,7,11,2,0,0,0,1,0
1487,113939,9.0,3,214.5,2021,12,4,1,0,0,1,0,0
1488,309532,5.2,4,397.1,2021,6,21,2,0,0,0,1,0
1489,366583,5.9,6,552.7,2022,1,5,2,0,0,1,0,0
1490,80439,7.8,2,139.8,2022,1,29,1,0,0,1,0,0
1491,80029,6.7,2,128.8,2021,5,19,1,0,0,0,1,0
1492,319682,2.4,5,430.4,2020,11,29,2,0,0,0,0,1
1493,231329,4.2,4,384.0,2021,9,19,2,1,0,0,0,0
1494,169454,6.9,4,363.0,2022,9,25,2,0,1,0,0,0
1495,198661,7.3,5,432.2,2022,2,17,2,0,1,0,0,0
1496,358304,6.2,6,599.8,2020,10,10,2,1,0,0,0,0
1497,176612,6.8,4,359.1,2022,11,1,2,0,1,0,0,0
1498,197827,5.4,3,253.7,2021,4,3,2,0,0,0,1,0
1499,162099,5.0,3,268.7,2021,12,6,2,1,0,0,0,0
